index,countyName,countyFrom,countyID,unemploymentRate
0,North Slope,AK,2185,5.7
1,Northwest Arctic,AK,2188,13.2
2,Ketchikan Gateway,AK,2130,6.1
3,Prince of Wales-Outer Ketchikan,AK,2201,13.6
4,Wrangell-Petersburg,AK,2280,9.8
5,Sitka,AK,2220,5.9
6,Haines,AK,2100,6.2
7,Juneau,AK,2110,5.7
8,Skagway-Hoonah-Angoon,AK,2232,7.3
9,Yakutat,AK,2282,6.3
10,Aleutians West,AK,2016,8.4
11,Aleutians East,AK,2013,10.1
12,Kodiak Island,AK,2150,6.6
13,Bristol Bay,AK,2060,3.6
14,Dillingham,AK,2070,8.4
15,Lake and Peninsula,AK,2164,5.9
16,Kenai Peninsula,AK,2122,9.7
17,Anchorage,AK,2020,7
18,Valdez-Cordova,AK,2261,6.4
19,Matanuska-Susitna,AK,2170,8.8
20,Fairbanks,AK,2240,6.9
21,Fairbanks North Stark,AK,2090,6.9
22,Denali,AK,2068,3.4
23,Bethel,AK,2050,14.8
24,Wade Hampton,AK,2270,20.4
25,Nome,AK,2180,12.1
26,Yukon-Koyukuk,AK,2290,13.6
27,Houston,AL,1069,8.9
28,Henry,AL,1067,9.9
29,Geneva,AL,1061,10
30,Dale,AL,1045,9.3
31,Coffee,AL,1031,8.5
32,Covington,AL,1039,10.1
33,Mobile,AL,1097,11.1
34,Baldwin,AL,1003,9.1
35,Escambia,AL,1053,12.9
36,Conecuh,AL,1035,19.5
37,Washington,AL,1129,15.1
38,Choctaw,AL,1023,12.7
39,Clarke,AL,1025,17
40,Monroe,AL,1099,18.7
41,Wilcox,AL,1131,25.6
42,Butler,AL,1013,16.7
43,Crenshaw,AL,1041,9.7
44,Pike,AL,1109,8.7
45,Bullock,AL,1011,16.4
46,Macon,AL,1087,11.4
47,Lowndes,AL,1085,18.5
48,Montgomery,AL,1101,10.2
49,Elmore,AL,1051,9
50,Autauga,AL,1001,9.7
51,Dallas,AL,1047,21.1
52,Marengo,AL,1091,14.8
53,Sumter,AL,1119,13.9
54,Perry,AL,1105,19.8
55,Chilton,AL,1021,9.9
56,Coosa,AL,1037,14
57,Tallapoosa,AL,1123,13.7
58,Clay,AL,1027,15.9
59,Talladega,AL,1121,13.6
60,Shelby,AL,1117,7.6
61,Bibb,AL,1007,12.1
62,Hale,AL,1065,12.7
63,Greene,AL,1063,14.7
64,Pickens,AL,1107,13
65,Tuscaloosa,AL,1125,9
66,Jefferson,AL,1073,10.7
67,Walker,AL,1127,11.9
68,Lamar,AL,1075,14.8
69,Fayette,AL,1057,12.8
70,Franklin,AL,1059,12.3
71,Marion,AL,1093,15.2
72,Winston,AL,1133,17.5
73,Cullman,AL,1043,9.6
74,Blount,AL,1009,9.9
75,St. Clair,AL,1115,10.7
76,Calhoun,AL,1015,10.8
77,Etowah,AL,1055,10.7
78,Marshall,AL,1095,9.2
79,Morgan,AL,1103,10.4
80,Lawrence,AL,1079,13.6
81,Colbert,AL,1033,11.4
82,Lauderdale,AL,1077,10.5
83,Limestone,AL,1083,9.3
84,Madison,AL,1089,7.5
85,Jackson,AL,1071,11.8
86,DeKalb,AL,1049,14.3
87,Cherokee,AL,1019,11.8
88,Cleburne,AL,1029,10.4
89,Randolph,AL,1111,15.1
90,Chambers,AL,1017,18.6
91,Lee,AL,1081,8.6
92,Russell,AL,1113,12.6
93,Barbour,AL,1005,13.4
94,Chicot,AR,5017,9.6
95,Ashley,AR,5003,9.1
96,Pope,AR,5115,6.2
97,Newton,AR,5101,6.2
98,Madison,AR,5087,5.3
99,Franklin,AR,5047,5.9
100,Johnson,AR,5071,6.1
101,Logan,AR,5083,7.7
102,Yell,AR,5149,6.4
103,Perry,AR,5105,5.6
104,Conway,AR,5029,6.5
105,Faulkner,AR,5045,6
106,Van Buren,AR,5141,9.1
107,Searcy,AR,5129,5.9
108,Stone,AR,5137,6.6
109,Cleburne,AR,5023,5.9
110,White,AR,5145,6.7
111,Independence,AR,5063,7.8
112,Jackson,AR,5067,9.2
113,Woodruff,AR,5147,9.1
114,St. Francis,AR,5123,9.4
115,Crittenden,AR,5035,9.9
116,Cross,AR,5037,7.1
117,Poinsett,AR,5111,7.5
118,Mississippi,AR,5093,11.3
119,Craighead,AR,5031,5.9
120,Izard,AR,5065,7.7
121,Lawrence,AR,5075,7.9
122,Sharp,AR,5135,7.8
123,Greene,AR,5055,8.2
124,Clay,AR,5021,10.4
125,Randolph,AR,5121,7.3
126,Fulton,AR,5049,6.1
127,Baxter,AR,5005,8.2
128,Marion,AR,5089,11.2
129,Boone,AR,5009,6.4
130,Carroll,AR,5015,4.3
131,Benton,AR,5007,5.3
132,Washington,AR,5143,5
133,Crawford,AR,5033,6.6
134,Sebastian,AR,5131,6.2
135,Scott,AR,5127,6.3
136,Montgomery,AR,5097,5.8
137,Garland,AR,5051,6.6
138,Saline,AR,5125,5.8
139,Pulaski,AR,5119,6
140,Lonoke,AR,5085,5.2
141,Prairie,AR,5117,6.7
142,Monroe,AR,5095,7.4
143,Lee,AR,5077,8.2
144,Phillips,AR,5107,8.8
145,Jefferson,AR,5069,9.2
146,Grant,AR,5053,5.7
147,Hot Spring,AR,5059,7.3
148,Dallas,AR,5039,7.6
149,Cleveland,AR,5025,6
150,Lincoln,AR,5079,8.2
151,Arkansas,AR,5001,14.3
152,Desha,AR,5041,9.9
153,Drew,AR,5043,9.1
154,Bradley,AR,5011,7.8
155,Calhoun,AR,5013,6.2
156,Ouachita,AR,5103,7.1
157,Nevada,AR,5099,8.7
158,Hempstead,AR,5057,8.6
159,Clark,AR,5019,6.3
160,Pike,AR,5109,6.3
161,Howard,AR,5061,7.2
162,Polk,AR,5113,6.4
163,Sevier,AR,5133,5.1
164,Little River,AR,5081,5.6
165,Miller,AR,5091,4.5
166,Lafayette,AR,5073,8.6
167,Columbia,AR,5027,8.1
168,Union,AR,5139,9.5
169,Mohave,AZ,4015,10.2
170,La Paz,AZ,4012,8.9
171,Cochise,AZ,4003,7.4
172,Santa Cruz,AZ,4023,17.2
173,Pima,AZ,4019,8.4
174,Greenlee,AZ,4011,21.5
175,Graham,AZ,4009,14.4
176,Apache,AZ,4001,14.8
177,Navajo,AZ,4017,14.2
178,Gila,AZ,4007,10.9
179,Pinal,AZ,4021,11.8
180,Yuma,AZ,4027,24.2
181,Maricopa,AZ,4013,8.5
182,Coconino,AZ,4005,7.7
183,Yavapai,AZ,4025,9.5
184,Del Norte,CA,6015,11.9
185,Siskiyou,CA,6093,13.5
186,Imperial,CA,6025,30.1
187,Riverside,CA,6065,14.7
188,San Diego,CA,6073,10.2
189,Orange,CA,6059,9.4
190,Los Angeles,CA,6037,12.7
191,Ventura,CA,6111,11
192,Santa Barbara,CA,6083,8.5
193,San Luis Obispo,CA,6079,9
194,Kern,CA,6029,13.9
195,San Bernardino,CA,6071,13.6
196,Inyo,CA,6027,9.5
197,Tulare,CA,6107,14.9
198,Kings,CA,6031,13.9
199,Madera,CA,6039,12.3
200,Fresno,CA,6019,14.1
201,Monterey,CA,6053,10
202,San Benito,CA,6069,12.5
203,Merced,CA,6047,15.7
204,Santa Cruz,CA,6087,10.2
205,San Mateo,CA,6081,9
206,Alameda,CA,6001,11.3
207,Santa Clara,CA,6085,11.8
208,Stanislaus,CA,6099,15.3
209,Mariposa,CA,6043,8.8
210,Tuolumne,CA,6109,12.7
211,Mono,CA,6051,10.3
212,Alpine,CA,6003,15.2
213,Calaveras,CA,6009,14.3
214,Amador,CA,6005,12.1
215,San Joaquin,CA,6077,15.5
216,Contra Costa,CA,6013,11.2
217,El Dorado,CA,6017,11.2
218,Sacramento,CA,6067,12.2
219,Solano,CA,6095,11.5
220,San Francisco,CA,6075,9.7
221,Marin,CA,6041,8
222,Napa,CA,6055,8.7
223,Sonoma,CA,6097,9.9
224,Yolo,CA,6113,10.9
225,Placer,CA,6061,11.3
226,Nevada,CA,6057,10.9
227,Sierra,CA,6091,13.7
228,Yuba,CA,6115,17.8
229,Sutter,CA,6101,15.1
230,Colusa,CA,6011,14.5
231,Lake,CA,6033,14.7
232,Butte,CA,6007,12.2
233,Glenn,CA,6021,13.8
234,Plumas,CA,6063,13.9
235,Tehama,CA,6103,13.7
236,Mendocino,CA,6045,10.1
237,Humboldt,CA,6023,10.3
238,Trinity,CA,6105,15.9
239,Shasta,CA,6089,14.7
240,Lassen,CA,6035,11.8
241,Modoc,CA,6049,11.1
242,Montezuma,CO,8083,6.3
243,La Plata,CO,8067,4.7
244,Prowers,CO,8099,5
245,Bent,CO,8011,5
246,Kiowa,CO,8061,2.8
247,Cheyenne,CO,8017,2
248,Kit Carson,CO,8063,2.9
249,Yuma,CO,8125,2.6
250,Washington,CO,8121,3.2
251,Phillips,CO,8095,2.6
252,Sedgwick,CO,8115,3.3
253,Logan,CO,8075,4.6
254,Morgan,CO,8087,4.9
255,Baca,CO,8009,3.4
256,Otero,CO,8089,5.8
257,Crowley,CO,8025,7.6
258,Lincoln,CO,8073,3.7
259,Elbert,CO,8039,6
260,Arapahoe,CO,8005,6.9
261,Weld,CO,8123,7.5
262,Adams,CO,8001,8.1
263,Denver,CO,8031,7.7
264,Douglas,CO,8035,5.9
265,El Paso,CO,8041,7.2
266,Teller,CO,8119,6.7
267,Pueblo,CO,8101,7.5
268,Las Animas,CO,8071,7
269,Huerfano,CO,8055,7.2
270,Costilla,CO,8023,8.4
271,Conejos,CO,8021,5.1
272,Alamosa,CO,8003,5.5
273,Rio Grande,CO,8105,4.8
274,Custer,CO,8027,5.2
275,Fremont,CO,8043,7.7
276,Saguache,CO,8109,7.8
277,Chaffee,CO,8015,5.1
278,Gunnison,CO,8051,4.4
279,Pitkin,CO,8097,5
280,Lake,CO,8065,7.1
281,Park,CO,8093,6.1
282,Jefferson,CO,8059,6.7
283,Gilpin,CO,8047,6
284,Clear Creek,CO,8019,7
285,Summit,CO,8117,5.8
286,Eagle,CO,8037,6.2
287,Boulder,CO,8013,5.5
288,Grand,CO,8049,5.8
289,Larimer,CO,8069,5.6
290,Jackson,CO,8057,3.3
291,Routt,CO,8107,6
292,Moffat,CO,8081,5.6
293,Rio Blanco,CO,8103,3.9
294,Garfield,CO,8045,5.8
295,Delta,CO,8029,6.6
296,Mesa,CO,8077,8.2
297,Montrose,CO,8085,6.9
298,San Juan,CO,8111,5.3
299,Dolores,CO,8033,13.2
300,San Miguel,CO,8113,4.2
301,Ouray,CO,8091,4.1
302,Hinsdale,CO,8053,2.2
303,Mineral,CO,8079,5.3
304,Archuleta,CO,8007,6.2
305,Broomfield,CO,8014,6.6
306,Hartford,CT,9003,8.8
307,Litchfield,CT,9005,7.9
308,Fairfield,CT,9001,7.8
309,New Haven,CT,9009,8.9
310,Middlesex,CT,9007,6.7
311,New London,CT,9011,7.6
312,Tolland,CT,9013,6.7
313,Windham,CT,9015,9
314,New Castle,DE,10003,8.6
315,Sussex,DE,10005,7.3
316,Kent,DE,10001,7.9
317,Bay,FL,12005,8.9
318,Jackson,FL,12063,7.2
319,Charlotte,FL,12015,12.7
320,Lee,FL,12071,13.9
321,Hendry,FL,12051,16.8
322,Collier,FL,12021,13.1
323,Monroe,FL,12087,7
324,Miami-Dade,FL,12086,11.3
325,Broward,FL,12011,9.8
326,Palm Beach,FL,12099,11.7
327,Sarasota,FL,12115,12.3
328,DeSoto,FL,12027,11.7
329,Glades,FL,12043,10
330,Martin,FL,12085,11.9
331,St. Lucie,FL,12111,15.3
332,Indian River,FL,12061,15.2
333,Okeechobee,FL,12093,13.3
334,Highlands,FL,12055,11.6
335,Hardee,FL,12049,12.6
336,Manatee,FL,12081,12.7
337,Pinellas,FL,12103,11.2
338,Hillsborough,FL,12057,11.5
339,Hernando,FL,12053,13.8
340,Pasco,FL,12101,12.5
341,Osceola,FL,12097,12.8
342,Polk,FL,12105,12.7
343,Orange,FL,12095,11.4
344,Seminole,FL,12117,10.6
345,Lake,FL,12069,12.3
346,Sumter,FL,12119,9
347,Citrus,FL,12017,12.1
348,Levy,FL,12075,12.1
349,Marion,FL,12083,13.3
350,Volusia,FL,12127,11.7
351,Brevard,FL,12009,11.1
352,Washington,FL,12133,9.6
353,Holmes,FL,12059,7.2
354,Walton,FL,12131,6.8
355,Okaloosa,FL,12091,7.2
356,Santa Rosa,FL,12113,9.4
357,Escambia,FL,12033,9.8
358,Calhoun,FL,12013,8.2
359,Gulf,FL,12045,9.8
360,Franklin,FL,12037,7.1
361,Dixie,FL,12029,12.3
362,Gilchrist,FL,12041,10
363,Alachua,FL,12001,7.1
364,Putnam,FL,12107,12.2
365,Flagler,FL,12035,16.2
366,St. Johns,FL,12109,9
367,Clay,FL,12019,9.8
368,Bradford,FL,12007,8.3
369,Union,FL,12125,8.4
370,Suwannee,FL,12121,9.8
371,Lafayette,FL,12067,7.2
372,Taylor,FL,12123,10.4
373,Wakulla,FL,12129,7.2
374,Liberty,FL,12077,5.3
375,Gadsden,FL,12039,9.6
376,Leon,FL,12073,7.2
377,Jefferson,FL,12065,8.5
378,Madison,FL,12079,11.7
379,Hamilton,FL,12047,11.3
380,Columbia,FL,12023,9
381,Baker,FL,12003,11.4
382,Duval,FL,12031,11.2
383,Nassau,FL,12089,10.7
384,Rabun,GA,13241,10.4
385,Towns,GA,13281,7.8
386,Mitchell,GA,13205,10.4
387,Baker,GA,13007,9.1
388,Miller,GA,13201,8.7
389,Early,GA,13099,10.5
390,Seminole,GA,13253,10.7
391,Decatur,GA,13087,12.7
392,Grady,GA,13131,9.8
393,Thomas,GA,13275,9.3
394,Brooks,GA,13027,8.7
395,Colquitt,GA,13071,9
396,Cook,GA,13075,11.9
397,Lanier,GA,13173,8.4
398,Lowndes,GA,13185,8.2
399,Echols,GA,13101,6.7
400,Clinch,GA,13065,11
401,Atkinson,GA,13003,12.6
402,Berrien,GA,13019,12.4
403,Irwin,GA,13155,14.5
404,Tift,GA,13277,10.6
405,Worth,GA,13321,10.8
406,Dougherty,GA,13095,11.1
407,Calhoun,GA,13037,11.1
408,Clay,GA,13061,8.2
409,Quitman,GA,13239,11.8
410,Randolph,GA,13243,13
411,Terrell,GA,13273,11.6
412,Lee,GA,13177,7.9
413,Crisp,GA,13081,12.1
414,Turner,GA,13287,13
415,Ben Hill,GA,13017,15.3
416,Coffee,GA,13069,16.8
417,Bacon,GA,13005,8.5
418,Wayne,GA,13305,11.7
419,Pierce,GA,13229,9.3
420,Brantley,GA,13025,11.6
421,Ware,GA,13299,10.7
422,Charlton,GA,13049,10.6
423,Camden,GA,13039,9.1
424,Glynn,GA,13127,8.2
425,McIntosh,GA,13191,9.6
426,Heard,GA,13149,12.4
427,Haralson,GA,13143,11.3
428,Polk,GA,13233,10.8
429,Floyd,GA,13115,11.1
430,Chattooga,GA,13055,11.4
431,Whitfield,GA,13313,12.5
432,Catoosa,GA,13047,8
433,Walker,GA,13295,9.6
434,Dade,GA,13083,9
435,Long,GA,13183,5.9
436,Appling,GA,13001,9.7
437,Jeff Davis,GA,13161,13.5
438,Stewart,GA,13259,10.7
439,Webster,GA,13307,9.1
440,Sumter,GA,13261,12.9
441,Wilcox,GA,13315,11.6
442,Telfair,GA,13271,16.2
443,Wheeler,GA,13309,9.1
444,Dodge,GA,13091,11.2
445,Pulaski,GA,13235,7.1
446,Dooly,GA,13093,10.1
447,Macon,GA,13193,13
448,Schley,GA,13249,13.8
449,Marion,GA,13197,9.9
450,Chattahoochee,GA,13053,14.6
451,Muscogee,GA,13215,9.2
452,Taylor,GA,13269,13
453,Talbot,GA,13263,9.8
454,Harris,GA,13145,7.2
455,Troup,GA,13285,12.9
456,Carroll,GA,13045,10.8
457,Paulding,GA,13223,10.7
458,Murray,GA,13213,12.3
459,Gordon,GA,13129,13.1
460,Bartow,GA,13015,13.3
461,Cobb,GA,13067,9.6
462,Douglas,GA,13097,11.4
463,Coweta,GA,13077,10
464,Meriwether,GA,13199,13.2
465,Pike,GA,13231,11.8
466,Upson,GA,13293,13.3
467,Crawford,GA,13079,9.5
468,Peach,GA,13225,10.2
469,Houston,GA,13153,7.3
470,Bleckley,GA,13023,9.7
471,Laurens,GA,13175,10.8
472,Wilkinson,GA,13319,10.7
473,Twiggs,GA,13289,11.4
474,Bibb,GA,13021,10
475,Baldwin,GA,13009,11.6
476,Jones,GA,13169,8.6
477,Monroe,GA,13207,10.2
478,Lamar,GA,13171,15.3
479,Spalding,GA,13255,15.4
480,Fayette,GA,13113,8.4
481,Clayton,GA,13063,12.3
482,Butts,GA,13035,12.7
483,Henry,GA,13151,10.4
484,DeKalb,GA,13089,10.7
485,Fulton,GA,13121,10.7
486,Cherokee,GA,13057,9.5
487,Pickens,GA,13227,10.8
488,Dawson,GA,13085,10.1
489,Forsyth,GA,13117,8.6
490,Gwinnett,GA,13135,9.4
491,Rockdale,GA,13247,12
492,Jasper,GA,13159,12.7
493,Newton,GA,13217,12.6
494,Walton,GA,13297,11
495,Barrow,GA,13013,11.1
496,Jackson,GA,13157,10.9
497,Clarke,GA,13059,7
498,Oconee,GA,13219,6.2
499,Morgan,GA,13211,9.8
500,Putnam,GA,13237,10.4
501,Hancock,GA,13141,17.7
502,Taliaferro,GA,13265,12.4
503,Greene,GA,13133,11.1
504,Oglethorpe,GA,13221,8.2
505,Wilkes,GA,13317,11.7
506,Warren,GA,13301,18.8
507,McDuffie,GA,13189,12.1
508,Glascock,GA,13125,11.1
509,Jefferson,GA,13163,14.9
510,Washington,GA,13303,14
511,Johnson,GA,13167,11.9
512,Treutlen,GA,13283,11.9
513,Montgomery,GA,13209,8.5
514,Toombs,GA,13279,9.8
515,Liberty,GA,13179,8.5
516,Evans,GA,13109,8.9
517,Tattnall,GA,13267,8.7
518,Candler,GA,13043,9.3
519,Emanuel,GA,13107,10.3
520,Chatham,GA,13051,8.5
521,Bryan,GA,13029,8.1
522,Bulloch,GA,13031,9
523,Jenkins,GA,13165,19.6
524,Effingham,GA,13103,7.9
525,Screven,GA,13251,13.7
526,Burke,GA,13033,12.2
527,Augusta,GA,13245,0
528,Columbia,GA,13073,7
529,Lincoln,GA,13181,10.3
530,Elbert,GA,13105,12.2
531,Madison,GA,13195,8.3
532,Banks,GA,13011,6.7
533,Hall,GA,13139,9.1
534,Lumpkin,GA,13187,11.1
535,Gilmer,GA,13123,9.8
536,Fannin,GA,13111,10
537,Union,GA,13291,9
538,White,GA,13311,9.5
539,Habersham,GA,13137,9.4
540,Hart,GA,13147,13.8
541,Franklin,GA,13119,11.8
542,Stephens,GA,13257,10.7
543,Kauai,HI,15007,9.6
544,Honolulu,HI,15003,6.3
545,Maui,HI,15009,9.7
546,Hawaii,HI,15001,10.8
547,Kalawao,HI,15005,0
548,Scott,IA,19163,7.3
549,Clinton,IA,19045,7.7
550,Lyon,IA,19119,4.3
551,Sioux,IA,19167,4.1
552,Plymouth,IA,19149,4.7
553,Cherokee,IA,19035,4.4
554,O'Brien,IA,19141,5.3
555,Osceola,IA,19143,5.4
556,Dickinson,IA,19059,5.8
557,Clay,IA,19041,6.2
558,Buena Vista,IA,19021,5.5
559,Pocahontas,IA,19151,5.2
560,Palo Alto,IA,19147,7
561,Emmet,IA,19063,8.6
562,Kossuth,IA,19109,5.6
563,Humboldt,IA,19091,6.2
564,Woodbury,IA,19193,5.7
565,Ida,IA,19093,5.8
566,Sac,IA,19161,4.7
567,Calhoun,IA,19025,5.4
568,Webster,IA,19187,8.3
569,Greene,IA,19073,6.3
570,Carroll,IA,19027,4.2
571,Crawford,IA,19047,4.7
572,Monona,IA,19133,7.1
573,Harrison,IA,19085,4.4
574,Shelby,IA,19165,3.9
575,Audubon,IA,19009,5.1
576,Guthrie,IA,19077,5.6
577,Adair,IA,19001,5.1
578,Cass,IA,19029,5.8
579,Pottawattamie,IA,19155,4.8
580,Fremont,IA,19071,7
581,Mills,IA,19129,4.3
582,Montgomery,IA,19137,8.7
583,Page,IA,19145,8.7
584,Taylor,IA,19173,6.7
585,Adams,IA,19003,6
586,Union,IA,19175,6
587,Ringgold,IA,19159,5.3
588,Decatur,IA,19053,6.6
589,Clarke,IA,19039,7.4
590,Madison,IA,19121,5.8
591,Dallas,IA,19049,5.1
592,Boone,IA,19015,5.9
593,Hamilton,IA,19079,8.1
594,Wright,IA,19197,8.4
595,Hancock,IA,19081,9
596,Winnebago,IA,19189,9.1
597,Worth,IA,19195,6.3
598,Cerro Gordo,IA,19033,6.7
599,Franklin,IA,19069,7
600,Hardin,IA,19083,6
601,Story,IA,19169,4.5
602,Polk,IA,19153,6.2
603,Warren,IA,19181,5.8
604,Lucas,IA,19117,6
605,Wayne,IA,19185,6.4
606,Appanoose,IA,19007,9.4
607,Monroe,IA,19135,7.5
608,Marion,IA,19125,5.7
609,Jasper,IA,19099,8.1
610,Marshall,IA,19127,7
611,Grundy,IA,19075,4.9
612,Butler,IA,19023,6
613,Floyd,IA,19067,8.7
614,Mitchell,IA,19131,5.4
615,Howard,IA,19089,8.6
616,Chickasaw,IA,19037,8.4
617,Bremer,IA,19017,5
618,Black Hawk,IA,19013,5.8
619,Tama,IA,19171,6.6
620,Poweshiek,IA,19157,6.6
621,Mahaska,IA,19123,7.7
622,Wapello,IA,19179,9.4
623,Davis,IA,19051,10.1
624,Van Buren,IA,19177,8
625,Jefferson,IA,19101,8.7
626,Benton,IA,19011,5.8
627,Iowa,IA,19095,5.8
628,Keokuk,IA,19107,7.1
629,Washington,IA,19183,4.9
630,Henry,IA,19087,8.8
631,Lee,IA,19111,11.4
632,Des Moines,IA,19057,8.2
633,Louisa,IA,19115,8
634,Muscatine,IA,19139,8.9
635,Johnson,IA,19103,4.4
636,Linn,IA,19113,6.5
637,Cedar,IA,19031,5.7
638,Jones,IA,19105,6.3
639,Buchanan,IA,19019,5.9
640,Fayette,IA,19065,8.5
641,Winneshiek,IA,19191,5.8
642,Allamakee,IA,19005,9.3
643,Clayton,IA,19043,7.9
644,Delaware,IA,19055,6.8
645,Dubuque,IA,19061,6
646,Jackson,IA,19097,7.7
647,Fremont,ID,16043,6.6
648,Clark,ID,16033,4.1
649,Benewah,ID,16009,12.1
650,Kootenai,ID,16055,8.7
651,Bonner,ID,16017,9.5
652,Boundary,ID,16021,12
653,Latah,ID,16057,5.9
654,Nez Perce,ID,16069,5.5
655,Lewis,ID,16061,5.2
656,Adams,ID,16003,12.1
657,Washington,ID,16087,8.4
658,Payette,ID,16075,7.7
659,Boise,ID,16015,7.1
660,Gem,ID,16045,10.4
661,Canyon,ID,16027,10.6
662,Ada,ID,16001,9.1
663,Elmore,ID,16039,7.7
664,Owyhee,ID,16073,4.1
665,Camas,ID,16025,11
666,Gooding,ID,16047,5.5
667,Jerome,ID,16053,5.9
668,Twin Falls,ID,16083,6.8
669,Cassia,ID,16031,5.9
670,Oneida,ID,16071,5
671,Power,ID,16077,6.7
672,Bannock,ID,16005,8.4
673,Franklin,ID,16041,4
674,Bear Lake,ID,16007,5.2
675,Caribou,ID,16029,6
676,Minidoka,ID,16067,6
677,Lincoln,ID,16063,9.7
678,Bonneville,ID,16019,5.9
679,Bingham,ID,16011,5.9
680,Blaine,ID,16013,7.7
681,Valley,ID,16085,11.4
682,Shoshone,ID,16079,11.9
683,Clearwater,ID,16035,11.8
684,Idaho,ID,16049,8.3
685,Custer,ID,16037,3.9
686,Lemhi,ID,16059,6.5
687,Butte,ID,16023,4.5
688,Jefferson,ID,16051,6.8
689,Madison,ID,16065,5.5
690,Teton,ID,16081,5.1
691,Vermilion,IL,17183,12
692,Iroquois,IL,17075,10
693,Alexander,IL,17003,11.2
694,Pulaski,IL,17153,11.9
695,Massac,IL,17127,8
696,Hardin,IL,17069,12.8
697,Pope,IL,17151,10.6
698,Johnson,IL,17087,10.4
699,Union,IL,17181,10.8
700,Gallatin,IL,17059,11
701,Saline,IL,17165,11.2
702,Williamson,IL,17199,9.6
703,Jackson,IL,17077,7.3
704,Monroe,IL,17133,7.8
705,Randolph,IL,17157,9.4
706,Perry,IL,17145,11.9
707,Franklin,IL,17055,14.6
708,Hamilton,IL,17065,9.3
709,White,IL,17193,8.6
710,Jefferson,IL,17081,10
711,Washington,IL,17189,8
712,Clinton,IL,17027,7.9
713,St. Clair,IL,17163,10.8
714,Madison,IL,17119,9.7
715,Bond,IL,17005,9.3
716,Marion,IL,17121,11.9
717,Wayne,IL,17191,9.7
718,Wabash,IL,17185,10.3
719,Edwards,IL,17047,9.1
720,Lawrence,IL,17101,10.3
721,Richland,IL,17159,10.5
722,Clay,IL,17025,11.4
723,Jasper,IL,17079,9.5
724,Crawford,IL,17033,10.5
725,Clark,IL,17023,13.1
726,Cumberland,IL,17035,9.7
727,Effingham,IL,17049,7.9
728,Fayette,IL,17051,11.6
729,Shelby,IL,17173,10
730,Montgomery,IL,17135,12.2
731,Jersey,IL,17083,8.8
732,Macoupin,IL,17117,10.5
733,Calhoun,IL,17013,9.5
734,Greene,IL,17061,9.2
735,Christian,IL,17021,9.9
736,Coles,IL,17029,9.1
737,Edgar,IL,17045,10.7
738,Douglas,IL,17041,9.1
739,Moultrie,IL,17139,9
740,Macon,IL,17115,12.4
741,Sangamon,IL,17167,7.9
742,Morgan,IL,17137,8.4
743,Scott,IL,17171,7.5
744,Pike,IL,17149,8.1
745,Brown,IL,17009,4.5
746,Adams,IL,17001,7.9
747,Hancock,IL,17067,11.3
748,McDonough,IL,17109,7.7
749,Schuyler,IL,17169,6.6
750,Cass,IL,17017,7.3
751,Menard,IL,17129,7.8
752,Mason,IL,17125,14.3
753,Logan,IL,17107,9.5
754,De Witt,IL,17039,9.2
755,Piatt,IL,17147,8.2
756,Champaign,IL,17019,8.2
757,Ford,IL,17053,10.4
758,McLean,IL,17113,7.4
759,Tazewell,IL,17179,11.3
760,Woodford,IL,17203,8.6
761,Peoria,IL,17143,11.6
762,Fulton,IL,17057,12.5
763,Warren,IL,17187,8
764,Henderson,IL,17071,9.4
765,Mercer,IL,17131,8.9
766,Knox,IL,17095,10.3
767,Stark,IL,17175,9.8
768,Marshall,IL,17123,10.6
769,Putnam,IL,17155,15
770,Livingston,IL,17105,10.7
771,Kankakee,IL,17091,12.8
772,Grundy,IL,17063,11.4
773,Will,IL,17197,9.9
774,Kendall,IL,17093,10.4
775,La Salle,IL,17099,12.4
776,Bureau,IL,17011,10.9
777,Henry,IL,17073,8.6
778,Rock Island,IL,17161,9.5
779,Lee,IL,17103,10.9
780,Whiteside,IL,17195,10.6
781,Carroll,IL,17015,10.5
782,Ogle,IL,17141,11.9
783,DeKalb,IL,17037,9.2
784,Kane,IL,17089,9.9
785,DuPage,IL,17043,8.6
786,Cook,IL,17031,10.6
787,Lake,IL,17097,10
788,McHenry,IL,17111,9.3
789,Boone,IL,17007,13.8
790,Winnebago,IL,17201,15.5
791,Stephenson,IL,17177,11.6
792,Jo Daviess,IL,17085,8.1
793,Porter,IN,18127,8.2
794,Lake,IN,18089,9.4
795,Perry,IN,18123,8.8
796,Spencer,IN,18147,8.1
797,Warrick,IN,18173,6.9
798,Vanderburgh,IN,18163,7.4
799,Posey,IN,18129,7
800,Gibson,IN,18051,6.7
801,Pike,IN,18125,8.7
802,Dubois,IN,18037,8
803,Crawford,IN,18025,10.5
804,Harrison,IN,18061,7.8
805,Floyd,IN,18043,7.4
806,Clark,IN,18019,8.2
807,Ohio,IN,18115,10.5
808,Switzerland,IN,18155,7
809,Jefferson,IN,18077,9.5
810,Scott,IN,18143,12.1
811,Washington,IN,18175,11.2
812,Orange,IN,18117,9.2
813,Martin,IN,18101,6.3
814,Daviess,IN,18027,4.9
815,Knox,IN,18083,6.6
816,Sullivan,IN,18153,9.3
817,Greene,IN,18055,7.1
818,Lawrence,IN,18093,11.1
819,Jackson,IN,18071,10.1
820,Jennings,IN,18079,12.2
821,Ripley,IN,18137,9.1
822,Dearborn,IN,18029,8.9
823,Franklin,IN,18047,8.9
824,Decatur,IN,18031,11
825,Bartholomew,IN,18005,8.8
826,Brown,IN,18013,7.8
827,Monroe,IN,18105,5.6
828,Owen,IN,18119,8.1
829,Clay,IN,18021,9.6
830,Vigo,IN,18167,9.2
831,Vermillion,IN,18165,10.8
832,Parke,IN,18121,8.3
833,Putnam,IN,18133,8.2
834,Morgan,IN,18109,7.5
835,Johnson,IN,18081,7.4
836,Shelby,IN,18145,8.8
837,Rush,IN,18139,9.5
838,Fayette,IN,18041,13.4
839,Union,IN,18161,8.6
840,Wayne,IN,18177,10.9
841,Henry,IN,18065,12
842,Hancock,IN,18059,7.8
843,Marion,IN,18097,8.4
844,Hendricks,IN,18063,6.8
845,Boone,IN,18011,6.8
846,Hamilton,IN,18057,6.1
847,Randolph,IN,18135,10.2
848,Delaware,IN,18035,9.5
849,Madison,IN,18095,9.7
850,Tipton,IN,18159,10.3
851,Clinton,IN,18023,9.2
852,Montgomery,IN,18107,9.7
853,Fountain,IN,18045,11.6
854,Jay,IN,18075,10.4
855,Blackford,IN,18009,13.3
856,Grant,IN,18053,11.1
857,Howard,IN,18067,11.9
858,Carroll,IN,18015,9.9
859,Tippecanoe,IN,18157,8.5
860,Warren,IN,18171,10.1
861,Benton,IN,18007,9
862,Adams,IN,18001,13.4
863,Wells,IN,18179,9.1
864,Huntington,IN,18069,11.1
865,Wabash,IN,18169,12
866,Miami,IN,18103,12.3
867,Cass,IN,18017,10.5
868,White,IN,18181,9.4
869,Allen,IN,18003,9.3
870,Whitley,IN,18183,11.6
871,Fulton,IN,18049,11.2
872,Pulaski,IN,18131,9.5
873,DeKalb,IN,18033,12.4
874,Noble,IN,18113,14.5
875,Kosciusko,IN,18085,11
876,Marshall,IN,18099,11.4
877,Starke,IN,18149,12.6
878,Jasper,IN,18073,8.7
879,Newton,IN,18111,8.9
880,Steuben,IN,18151,12.9
881,LaGrange,IN,18087,14
882,Elkhart,IN,18039,15
883,St. Joseph,IN,18141,10.4
884,LaPorte,IN,18091,10.7
885,Doniphan,KS,20043,8.8
886,Brown,KS,20013,5.6
887,Stanton,KS,20187,3.4
888,Morton,KS,20129,4.7
889,Stevens,KS,20189,5.3
890,Grant,KS,20067,4.2
891,Haskell,KS,20081,3.7
892,Seward,KS,20175,5.1
893,Meade,KS,20119,4.2
894,Gray,KS,20069,3.4
895,Ford,KS,20057,3.8
896,Clark,KS,20025,3.7
897,Comanche,KS,20033,3.8
898,Kiowa,KS,20097,4.9
899,Edwards,KS,20047,4.4
900,Pratt,KS,20151,5.3
901,Barber,KS,20007,5.1
902,Harper,KS,20077,5.6
903,Kingman,KS,20095,6.3
904,Reno,KS,20155,6.3
905,Harvey,KS,20079,7.4
906,Sedgwick,KS,20173,8.8
907,Sumner,KS,20191,9
908,Cowley,KS,20035,7.6
909,Butler,KS,20015,7.2
910,Chautauqua,KS,20019,8.4
911,Elk,KS,20049,11
912,Greenwood,KS,20073,7.2
913,Montgomery,KS,20125,9.4
914,Wilson,KS,20205,10.2
915,Woodson,KS,20207,8.9
916,Labette,KS,20099,7.8
917,Neosho,KS,20133,7
918,Allen,KS,20001,7.8
919,Cherokee,KS,20021,8.5
920,Crawford,KS,20037,8.1
921,Bourbon,KS,20011,6.5
922,Hamilton,KS,20075,4.2
923,Greeley,KS,20071,4.5
924,Wallace,KS,20199,5.9
925,Sherman,KS,20181,3.9
926,Cheyenne,KS,20023,3.7
927,Stafford,KS,20185,6.1
928,Kearny,KS,20093,4.5
929,Finney,KS,20055,4.3
930,Hodgeman,KS,20083,4.2
931,Pawnee,KS,20145,3.7
932,Coffey,KS,20031,5.7
933,Anderson,KS,20003,7.9
934,Linn,KS,20107,8.4
935,Miami,KS,20121,6.8
936,Franklin,KS,20059,7.1
937,Osage,KS,20139,7
938,Lyon,KS,20111,5.7
939,Chase,KS,20017,5.4
940,Morris,KS,20127,6.8
941,Marion,KS,20115,6.3
942,McPherson,KS,20113,5.1
943,Rice,KS,20159,5.1
944,Saline,KS,20169,5.7
945,Ellsworth,KS,20053,4.1
946,Barton,KS,20009,6.1
947,Rush,KS,20165,5.9
948,Ness,KS,20135,4
949,Lane,KS,20101,3.4
950,Scott,KS,20171,3.2
951,Wichita,KS,20203,3.5
952,Logan,KS,20109,4
953,Gove,KS,20063,3.5
954,Trego,KS,20195,3.6
955,Ellis,KS,20051,3.6
956,Russell,KS,20167,4.6
957,Lincoln,KS,20105,6.3
958,Ottawa,KS,20143,6.5
959,Dickinson,KS,20041,5.1
960,Geary,KS,20061,6.9
961,Wabaunsee,KS,20197,6.6
962,Shawnee,KS,20177,6.4
963,Douglas,KS,20045,5.4
964,Johnson,KS,20091,6.8
965,Wyandotte,KS,20209,10.4
966,Leavenworth,KS,20103,7.3
967,Jefferson,KS,20087,6.7
968,Atchison,KS,20005,8.1
969,Jackson,KS,20085,6
970,Pottawatomie,KS,20149,4.1
971,Riley,KS,20161,3.2
972,Clay,KS,20027,4.2
973,Cloud,KS,20029,4.5
974,Mitchell,KS,20123,5.8
975,Osborne,KS,20141,4.4
976,Rooks,KS,20163,7.3
977,Graham,KS,20065,4.3
978,Sheridan,KS,20179,3.2
979,Thomas,KS,20193,3.6
980,Rawlins,KS,20153,3.5
981,Decatur,KS,20039,3.3
982,Phillips,KS,20147,6
983,Norton,KS,20137,4.7
984,Smith,KS,20183,4.3
985,Jewell,KS,20089,4.9
986,Republic,KS,20157,4.1
987,Washington,KS,20201,4.5
988,Marshall,KS,20117,4.9
989,Nemaha,KS,20131,4.3
990,Hickman,KY,21105,9.2
991,Fulton,KY,21075,14.4
992,Bell,KY,21013,12.5
993,Knox,KY,21121,11.5
994,Whitley,KY,21235,11.4
995,Laurel,KY,21125,10.1
996,Clay,KY,21051,13.5
997,Leslie,KY,21131,13.7
998,Harlan,KY,21095,12.5
999,Letcher,KY,21133,12
1000,Knott,KY,21119,12
1001,Perry,KY,21193,12.5
1002,Owsley,KY,21189,11.2
1003,Jackson,KY,21109,17.5
1004,Estill,KY,21065,12.9
1005,Lee,KY,21129,12.3
1006,Breathitt,KY,21025,10
1007,Floyd,KY,21071,12.4
1008,Johnson,KY,21115,11.1
1009,Magoffin,KY,21153,21.4
1010,Wolfe,KY,21237,13.9
1011,Powell,KY,21197,16.7
1012,Clark,KY,21049,11.4
1013,Montgomery,KY,21173,12.6
1014,Menifee,KY,21165,14.7
1015,Morgan,KY,21175,14.5
1016,Elliott,KY,21063,12.6
1017,Rowan,KY,21205,8.6
1018,Bath,KY,21011,13.3
1019,Nicholas,KY,21181,12.5
1020,Fleming,KY,21069,12.2
1021,Robertson,KY,21201,9.6
1022,Bracken,KY,21023,10.2
1023,Mason,KY,21161,11.1
1024,Lewis,KY,21135,15.1
1025,Boyd,KY,21019,8.3
1026,Greenup,KY,21089,9.8
1027,Carter,KY,21043,13.5
1028,Lawrence,KY,21127,13.1
1029,Martin,KY,21159,12.4
1030,Pike,KY,21195,10.7
1031,Harrison,KY,21097,11.1
1032,Bourbon,KY,21017,9.1
1033,Madison,KY,21151,8.7
1034,Rockcastle,KY,21203,12.8
1035,McCreary,KY,21147,13.3
1036,Lincoln,KY,21137,12.1
1037,Garrard,KY,21079,11.9
1038,Jessamine,KY,21113,8.8
1039,Fayette,KY,21067,7.7
1040,Woodford,KY,21239,8.3
1041,Scott,KY,21209,9.1
1042,Franklin,KY,21073,9.1
1043,Anderson,KY,21005,10.9
1044,Mercer,KY,21167,10.8
1045,Boyle,KY,21021,11
1046,Casey,KY,21045,10.2
1047,Pulaski,KY,21199,10
1048,Wayne,KY,21231,13.6
1049,Russell,KY,21207,10.8
1050,Clinton,KY,21053,9
1051,Cumberland,KY,21057,13
1052,Adair,KY,21001,10.1
1053,Taylor,KY,21217,10.2
1054,Marion,KY,21155,12.9
1055,Washington,KY,21229,12.7
1056,Spencer,KY,21215,10.2
1057,Shelby,KY,21211,9.6
1058,Henry,KY,21103,10.7
1059,Owen,KY,21187,10.1
1060,Grant,KY,21081,10.1
1061,Pendleton,KY,21191,11.7
1062,Campbell,KY,21037,10.7
1063,Kenton,KY,21117,10
1064,Boone,KY,21015,9.2
1065,Gallatin,KY,21077,11.1
1066,Carroll,KY,21041,12.4
1067,Trimble,KY,21223,10.7
1068,Oldham,KY,21185,8.6
1069,Jefferson,KY,21111,10.5
1070,Bullitt,KY,21029,10.8
1071,Nelson,KY,21179,11.5
1072,Larue,KY,21123,10.7
1073,Green,KY,21087,12.4
1074,Metcalfe,KY,21169,15.8
1075,Monroe,KY,21171,14
1076,Simpson,KY,21213,11.8
1077,Allen,KY,21003,14.3
1078,Barren,KY,21009,11.6
1079,Hart,KY,21099,10.6
1080,Hardin,KY,21093,10
1081,Meade,KY,21163,12.4
1082,Hancock,KY,21091,13.6
1083,Breckinridge,KY,21027,12.1
1084,Grayson,KY,21085,16.4
1085,Edmonson,KY,21061,12.8
1086,Warren,KY,21227,9.2
1087,Butler,KY,21031,13.7
1088,Logan,KY,21141,10.4
1089,Todd,KY,21219,12.6
1090,Muhlenberg,KY,21177,10.7
1091,Ohio,KY,21183,9.4
1092,Daviess,KY,21059,9.1
1093,McLean,KY,21149,10.6
1094,Hopkins,KY,21107,9.1
1095,Christian,KY,21047,12.9
1096,Trigg,KY,21221,16
1097,Lyon,KY,21143,12.2
1098,Caldwell,KY,21033,10.9
1099,Webster,KY,21233,8.8
1100,Henderson,KY,21101,9.8
1101,Union,KY,21225,10.8
1102,Crittenden,KY,21055,10.8
1103,Livingston,KY,21139,9.8
1104,Calloway,KY,21035,8
1105,Marshall,KY,21157,10.7
1106,Graves,KY,21083,10.3
1107,McCracken,KY,21145,9.1
1108,Carlisle,KY,21039,9.1
1109,Ballard,KY,21007,10.2
1110,St. Tammany,LA,22103,5.2
1111,Washington,LA,22117,9.6
1112,Red River,LA,22081,9.6
1113,Bienville,LA,22013,10.5
1114,Lincoln,LA,22061,7.8
1115,Jackson,LA,22049,7.8
1116,Winn,LA,22127,9.1
1117,Caldwell,LA,22021,10.7
1118,Ouachita,LA,22073,7.6
1119,Richland,LA,22083,10.7
1120,Franklin,LA,22041,11.3
1121,Tensas,LA,22107,13.5
1122,Madison,LA,22065,9.3
1123,East Carroll,LA,22035,14.2
1124,West Carroll,LA,22123,17
1125,Morehouse,LA,22067,15.1
1126,Union,LA,22111,12.2
1127,Claiborne,LA,22027,10.3
1128,Webster,LA,22119,9.1
1129,Bossier,LA,22015,6.4
1130,Caddo,LA,22017,7.9
1131,De Soto,LA,22031,9
1132,Sabine,LA,22085,8.1
1133,Natchitoches,LA,22069,8.4
1134,Grant,LA,22043,8.2
1135,La Salle,LA,22059,7.3
1136,Catahoula,LA,22025,10.3
1137,Concordia,LA,22029,11.3
1138,Avoyelles,LA,22009,8.1
1139,Rapides,LA,22079,6.9
1140,Vernon,LA,22115,6.7
1141,Evangeline,LA,22039,8.6
1142,Allen,LA,22003,10.1
1143,Beauregard,LA,22011,8
1144,Jefferson Davis,LA,22053,6.4
1145,Calcasieu,LA,22019,7.2
1146,Cameron,LA,22023,5.6
1147,Acadia,LA,22001,7.1
1148,St. Landry,LA,22097,8.3
1149,Pointe Coupee,LA,22077,7.9
1150,West Baton Rouge,LA,22121,7.4
1151,Lafayette,LA,22055,5.9
1152,Vermilion,LA,22113,7.2
1153,Iberia,LA,22045,7.6
1154,Iberville,LA,22047,10.4
1155,Assumption,LA,22007,8.8
1156,St. Martin,LA,22099,7.5
1157,St. Mary,LA,22101,8.6
1158,Terrebonne,LA,22109,5.2
1159,Lafourche,LA,22057,4.9
1160,St. James,LA,22093,10
1161,Ascension,LA,22005,6.7
1162,East Baton Rouge,LA,22033,6.8
1163,East Feliciana,LA,22037,8
1164,St. Helena,LA,22091,11.8
1165,Livingston,LA,22063,7
1166,St. John the Baptist,LA,22095,8.4
1167,St. Charles,LA,22089,6.5
1168,Tangipahoa,LA,22105,8.1
1169,Orleans,LA,22071,10.7
1170,St. Bernard,LA,22087,10.5
1171,Plaquemines,LA,22075,6.2
1172,West Feliciana,LA,22125,8.2
1173,Jefferson,LA,22051,6.5
1174,Worcester,MA,25027,10.1
1175,Middlesex,MA,25017,8.1
1176,Nantucket,MA,25019,5
1177,Barnstable,MA,25001,8
1178,Suffolk,MA,25025,9.3
1179,Bristol,MA,25005,11.8
1180,Plymouth,MA,25023,9.7
1181,Norfolk,MA,25021,8.5
1182,Essex,MA,25009,10.1
1183,Hampden,MA,25013,10.5
1184,Hampshire,MA,25015,7.3
1185,Berkshire,MA,25003,8.4
1186,Franklin,MA,25011,8.7
1187,Dukes,MA,25007,5
1188,Allegany,MD,24001,7.5
1189,Garrett,MD,24023,6.9
1190,St. Mary's,MD,24037,5.6
1191,Charles,MD,24017,5.9
1192,Worcester,MD,24047,7.5
1193,Wicomico,MD,24045,7.7
1194,Washington,MD,24043,9.4
1195,Calvert,MD,24009,5.9
1196,Talbot,MD,24041,6.8
1197,Caroline,MD,24011,8.8
1198,Kent,MD,24029,7.1
1199,Baltimore,MD,24510,7.7
1200,Prince George's,MD,24033,7.3
1201,Anne Arundel,MD,24003,6.5
1202,Howard,MD,24027,5.4
1203,Montgomery,MD,24031,5.3
1204,Queen Anne's,MD,24035,6.6
1205,Cecil,MD,24015,8.6
1206,Harford,MD,24025,7.1
1207,Baltimore County,MD,24005,7.7
1208,Carroll,MD,24013,6
1209,Frederick,MD,24021,5.9
1210,Somerset,MD,24039,9.5
1211,Dorchester,MD,24019,10.9
1212,Aroostook,ME,23003,9.3
1213,Piscataquis,ME,23021,11.6
1214,Knox,ME,23013,7
1215,Lincoln,ME,23015,6.3
1216,Sagadahoc,ME,23023,6.7
1217,Cumberland,ME,23005,6.5
1218,York,ME,23031,7.4
1219,Androscoggin,ME,23001,8.4
1220,Oxford,ME,23017,10.9
1221,Kennebec,ME,23011,7.3
1222,Waldo,ME,23027,7.8
1223,Hancock,ME,23009,6.8
1224,Washington,ME,23029,10.4
1225,Penobscot,ME,23019,8
1226,Franklin,ME,23007,11.2
1227,Somerset,ME,23025,10.7
1228,Gogebic,MI,26053,13.3
1229,Ontonagon,MI,26131,13.8
1230,Monroe,MI,26115,14.2
1231,Lenawee,MI,26091,16.1
1232,Hillsdale,MI,26059,17.2
1233,Branch,MI,26023,14
1234,St. Joseph,MI,26149,13.9
1235,Cass,MI,26027,11.4
1236,Berrien,MI,26021,13.5
1237,Wayne,MI,26163,18.3
1238,Washtenaw,MI,26161,9.3
1239,Jackson,MI,26075,14.9
1240,Calhoun,MI,26025,12.4
1241,Kalamazoo,MI,26077,11.2
1242,Van Buren,MI,26159,13.2
1243,Allegan,MI,26005,13.2
1244,Barry,MI,26015,10.5
1245,Eaton,MI,26045,10.3
1246,Ingham,MI,26065,11.6
1247,Livingston,MI,26093,13.6
1248,Oakland,MI,26125,15.6
1249,Macomb,MI,26099,18.1
1250,St. Clair,MI,26147,19
1251,Lapeer,MI,26087,18.1
1252,Genesee,MI,26049,15.8
1253,Shiawassee,MI,26155,15.2
1254,Clinton,MI,26037,9.4
1255,Ionia,MI,26067,13.4
1256,Ottawa,MI,26139,12.8
1257,Muskegon,MI,26121,16
1258,Kent,MI,26081,11.7
1259,Montcalm,MI,26117,17.6
1260,Gratiot,MI,26057,13.7
1261,Saginaw,MI,26145,12.9
1262,Sanilac,MI,26151,17.8
1263,Tuscola,MI,26157,16.3
1264,Huron,MI,26063,14.8
1265,Bay,MI,26017,12.3
1266,Midland,MI,26111,10.2
1267,Isabella,MI,26073,8.5
1268,Mecosta,MI,26107,13
1269,Newaygo,MI,26123,13.8
1270,Oceana,MI,26127,15.2
1271,Arenac,MI,26011,15.8
1272,Gladwin,MI,26051,16.5
1273,Clare,MI,26035,16.8
1274,Osceola,MI,26133,15.3
1275,Lake,MI,26085,17.5
1276,Mason,MI,26105,12.9
1277,Iosco,MI,26069,16.4
1278,Ogemaw,MI,26129,12.7
1279,Roscommon,MI,26143,14.6
1280,Missaukee,MI,26113,15
1281,Wexford,MI,26165,18.3
1282,Manistee,MI,26101,12.6
1283,Alcona,MI,26001,16.7
1284,Oscoda,MI,26135,19.1
1285,Crawford,MI,26039,13.7
1286,Kalkaska,MI,26079,14.3
1287,Grand Traverse,MI,26055,12
1288,Benzie,MI,26019,12
1289,Leelanau,MI,26089,9
1290,Alpena,MI,26007,13.9
1291,Montmorency,MI,26119,18.9
1292,Otsego,MI,26137,14.7
1293,Antrim,MI,26009,14.7
1294,Charlevoix,MI,26029,13.9
1295,Presque Isle,MI,26141,16
1296,Cheboygan,MI,26031,8.6
1297,Emmet,MI,26047,12.2
1298,Mackinac,MI,26097,6.1
1299,Chippewa,MI,26033,11.6
1300,Luce,MI,26095,13.2
1301,Schoolcraft,MI,26153,12.7
1302,Alger,MI,26003,12
1303,Delta,MI,26041,11.5
1304,Menominee,MI,26109,12.5
1305,Dickinson,MI,26043,12
1306,Marquette,MI,26103,10.1
1307,Iron,MI,26071,11.7
1308,Keweenaw,MI,26083,11.9
1309,Houghton,MI,26061,10.2
1310,Baraga,MI,26013,24.3
1311,Houston,MN,27055,7.1
1312,Fillmore,MN,27045,7
1313,Koochiching,MN,27071,7.3
1314,Lake of the Woods,MN,27077,6.9
1315,Roseau,MN,27135,5
1316,Kittson,MN,27069,5.2
1317,Red Lake,MN,27125,6.7
1318,Pennington,MN,27113,5.6
1319,Marshall,MN,27089,6.2
1320,Polk,MN,27119,4.4
1321,Norman,MN,27107,5.1
1322,Mahnomen,MN,27087,6
1323,Clearwater,MN,27029,9.1
1324,Beltrami,MN,27007,7.2
1325,Cook,MN,27031,4.7
1326,Lake,MN,27075,7.5
1327,Itasca,MN,27061,9.2
1328,Hubbard,MN,27057,7.3
1329,Cass,MN,27021,7.9
1330,Wadena,MN,27159,8.8
1331,Becker,MN,27005,6.4
1332,Clay,MN,27027,3.6
1333,Wilkin,MN,27167,4.7
1334,Otter Tail,MN,27111,6.3
1335,St. Louis,MN,27137,8.2
1336,Carlton,MN,27017,7.3
1337,Pine,MN,27115,9.1
1338,Kanabec,MN,27065,10.3
1339,Aitkin,MN,27001,8.1
1340,Crow Wing,MN,27035,7.4
1341,Morrison,MN,27097,9
1342,Todd,MN,27153,7.5
1343,Douglas,MN,27041,5.6
1344,Grant,MN,27051,6.8
1345,Traverse,MN,27155,6.2
1346,Big Stone,MN,27011,4.5
1347,Swift,MN,27151,6.6
1348,Stevens,MN,27149,4.3
1349,Pope,MN,27121,6.4
1350,Stearns,MN,27145,6.8
1351,Benton,MN,27009,7
1352,Mille Lacs,MN,27095,10.5
1353,Isanti,MN,27059,8.3
1354,Chisago,MN,27025,8.4
1355,Ramsey,MN,27123,7.4
1356,Anoka,MN,27003,7.9
1357,Sherburne,MN,27141,8.1
1358,Wright,MN,27171,8.2
1359,Meeker,MN,27093,7.8
1360,Kandiyohi,MN,27067,5.5
1361,Chippewa,MN,27023,6.1
1362,Washington,MN,27163,6.8
1363,Dakota,MN,27037,6.9
1364,Hennepin,MN,27053,7.3
1365,Scott,MN,27139,6.8
1366,Carver,MN,27019,7
1367,McLeod,MN,27085,8
1368,Sibley,MN,27143,6.5
1369,Renville,MN,27129,6.4
1370,Lac qui Parle,MN,27073,5.4
1371,Yellow Medicine,MN,27173,5.1
1372,Lincoln,MN,27081,4.5
1373,Lyon,MN,27083,4.9
1374,Redwood,MN,27127,6.1
1375,Brown,MN,27015,5.5
1376,Nicollet,MN,27103,6.1
1377,Le Sueur,MN,27079,8.6
1378,Rice,MN,27131,7.5
1379,Goodhue,MN,27049,6.7
1380,Wabasha,MN,27157,7.1
1381,Winona,MN,27169,7
1382,Olmsted,MN,27109,5.5
1383,Dodge,MN,27039,6.1
1384,Steele,MN,27147,7.7
1385,Waseca,MN,27161,7
1386,Blue Earth,MN,27013,6.3
1387,Watonwan,MN,27165,7.5
1388,Cottonwood,MN,27033,5.2
1389,Murray,MN,27101,3.9
1390,Pipestone,MN,27117,5.3
1391,Rock,MN,27133,5.1
1392,Nobles,MN,27105,4.5
1393,Jackson,MN,27063,4.7
1394,Martin,MN,27091,6.9
1395,Faribault,MN,27043,7.6
1396,Freeborn,MN,27047,7.6
1397,Mower,MN,27099,5.5
1398,Worth,MO,29227,8.4
1399,Gentry,MO,29075,6.8
1400,DeKalb,MO,29063,9.3
1401,Clinton,MO,29049,8.7
1402,Clay,MO,29047,8.6
1403,Caldwell,MO,29025,8.6
1404,Daviess,MO,29061,8.7
1405,Harrison,MO,29081,7.8
1406,Mercer,MO,29129,7.9
1407,Grundy,MO,29079,6.9
1408,Livingston,MO,29117,7.8
1409,Carroll,MO,29033,9.8
1410,Ray,MO,29177,8.3
1411,Lafayette,MO,29107,9
1412,Jackson,MO,29095,10.9
1413,New Madrid,MO,29143,8.9
1414,Pemiscot,MO,29155,12.1
1415,Atchison,MO,29005,7.9
1416,Holt,MO,29087,7.1
1417,Platte,MO,29165,8
1418,Buchanan,MO,29021,8.7
1419,Andrew,MO,29003,7.6
1420,Nodaway,MO,29147,5.9
1421,Johnson,MO,29101,8
1422,Henry,MO,29083,9.6
1423,Cass,MO,29037,9.7
1424,St. Clair,MO,29185,10.3
1425,Bates,MO,29013,10.8
1426,Cedar,MO,29039,8.6
1427,Vernon,MO,29217,7.9
1428,Dade,MO,29057,10.1
1429,Barton,MO,29011,11.7
1430,Jasper,MO,29097,8.4
1431,Newton,MO,29145,7.9
1432,McDonald,MO,29119,7
1433,Lawrence,MO,29109,7.8
1434,Barry,MO,29009,8.1
1435,Polk,MO,29167,8.9
1436,Stone,MO,29209,9
1437,Greene,MO,29077,8.3
1438,Taney,MO,29213,8.6
1439,Christian,MO,29043,8
1440,Webster,MO,29225,9
1441,Dallas,MO,29059,9.4
1442,Hickory,MO,29085,12.3
1443,Benton,MO,29015,9.3
1444,Pettis,MO,29159,8.1
1445,Saline,MO,29195,7.9
1446,Chariton,MO,29041,10.5
1447,Linn,MO,29115,10.3
1448,Sullivan,MO,29211,6.4
1449,Putnam,MO,29171,7.4
1450,Schuyler,MO,29197,7.8
1451,Adair,MO,29001,6.5
1452,Macon,MO,29121,7.9
1453,Randolph,MO,29175,9.4
1454,Howard,MO,29089,8.3
1455,Cooper,MO,29053,8.4
1456,Boone,MO,29019,6.2
1457,Cole,MO,29051,6.7
1458,Moniteau,MO,29135,7.8
1459,Morgan,MO,29141,11.3
1460,Miller,MO,29131,10.6
1461,Camden,MO,29029,7.9
1462,Pulaski,MO,29169,6.8
1463,Laclede,MO,29105,11
1464,Wright,MO,29229,9.6
1465,Douglas,MO,29067,9.8
1466,Ozark,MO,29153,7.6
1467,Howell,MO,29091,9.2
1468,Texas,MO,29215,8.8
1469,Phelps,MO,29161,7.1
1470,Maries,MO,29125,8.7
1471,Osage,MO,29151,9.9
1472,Callaway,MO,29027,8
1473,Monroe,MO,29137,11
1474,Shelby,MO,29205,8.1
1475,Knox,MO,29103,5.9
1476,Scotland,MO,29199,12.2
1477,Clark,MO,29045,11.3
1478,Lewis,MO,29111,8.3
1479,Marion,MO,29127,8.9
1480,Ralls,MO,29173,8
1481,Audrain,MO,29007,9.2
1482,Montgomery,MO,29139,10.3
1483,Pike,MO,29163,8.3
1484,Lincoln,MO,29113,11.3
1485,Warren,MO,29219,11.2
1486,Gasconade,MO,29073,10.8
1487,Crawford,MO,29055,10.7
1488,Dent,MO,29065,9.4
1489,Shannon,MO,29203,9.6
1490,Oregon,MO,29149,9
1491,Ripley,MO,29181,9.5
1492,Carter,MO,29035,8.7
1493,Reynolds,MO,29179,12.7
1494,Iron,MO,29093,8.7
1495,Washington,MO,29221,13.7
1496,Franklin,MO,29071,11.5
1497,St. Louis,MO,29510,9.6
1498,St. Charles,MO,29183,8.7
1499,St. Louis County,MO,29189,9.6
1500,Jefferson,MO,29099,10.6
1501,St. Francois,MO,29187,10.9
1502,Ste. Genevieve,MO,29186,9.3
1503,Madison,MO,29123,9.8
1504,Wayne,MO,29223,9.5
1505,Butler,MO,29023,8
1506,Dunklin,MO,29069,11.1
1507,Stoddard,MO,29207,9
1508,Bollinger,MO,29017,8.8
1509,Perry,MO,29157,7.2
1510,Cape Girardeau,MO,29031,6.9
1511,Scott,MO,29201,9.2
1512,Mississippi,MO,29133,9.7
1513,Harrison,MS,28047,7.2
1514,Jackson,MS,28059,8
1515,Grenada,MS,28043,11
1516,Yalobusha,MS,28161,12.9
1517,Clay,MS,28025,17.8
1518,Webster,MS,28155,13.5
1519,Chickasaw,MS,28017,13.2
1520,Calhoun,MS,28013,9.7
1521,Pontotoc,MS,28115,8.7
1522,Lee,MS,28081,9.8
1523,Union,MS,28145,8.8
1524,Lafayette,MS,28071,6.9
1525,Tate,MS,28137,10.3
1526,Panola,MS,28107,11.9
1527,Quitman,MS,28119,11.1
1528,Tallahatchie,MS,28135,9.9
1529,Leflore,MS,28083,11.6
1530,Sunflower,MS,28133,11.8
1531,Humphreys,MS,28053,10.2
1532,Holmes,MS,28051,16.6
1533,Carroll,MS,28015,9.8
1534,Montgomery,MS,28097,12.7
1535,Choctaw,MS,28019,11.3
1536,Oktibbeha,MS,28105,8
1537,Lowndes,MS,28087,10.2
1538,Monroe,MS,28095,13.7
1539,Itawamba,MS,28057,9.6
1540,Prentiss,MS,28117,11.5
1541,Tishomingo,MS,28141,10.1
1542,Alcorn,MS,28003,11.3
1543,Tippah,MS,28139,12.5
1544,Benton,MS,28009,12.6
1545,Marshall,MS,28093,11.2
1546,DeSoto,MS,28033,7.2
1547,Tunica,MS,28143,13
1548,Coahoma,MS,28027,11.1
1549,Bolivar,MS,28011,9
1550,Washington,MS,28151,11.3
1551,Sharkey,MS,28125,9
1552,Issaquena,MS,28055,9.2
1553,Yazoo,MS,28163,10.5
1554,Attala,MS,28007,11.8
1555,Winston,MS,28159,15.1
1556,Noxubee,MS,28103,17.6
1557,Kemper,MS,28069,10.3
1558,Neshoba,MS,28099,8.4
1559,Leake,MS,28079,8.7
1560,Madison,MS,28089,6.3
1561,Rankin,MS,28121,5.6
1562,Hinds,MS,28049,7.9
1563,Warren,MS,28149,9.1
1564,Jefferson,MS,28063,15.5
1565,Claiborne,MS,28021,15
1566,Copiah,MS,28029,9.9
1567,Simpson,MS,28127,8.2
1568,Smith,MS,28129,8.2
1569,Scott,MS,28123,5.9
1570,Newton,MS,28101,7.9
1571,Lauderdale,MS,28075,8.7
1572,Clarke,MS,28023,10
1573,Jasper,MS,28061,10.2
1574,Jones,MS,28067,7.1
1575,Covington,MS,28031,7.7
1576,Jefferson Davis,MS,28065,10.6
1577,Lawrence,MS,28077,10.2
1578,Lincoln,MS,28085,8.8
1579,Franklin,MS,28037,9
1580,Adams,MS,28001,8
1581,Wilkinson,MS,28157,10.1
1582,Amite,MS,28005,8.6
1583,Pike,MS,28113,9.8
1584,Walthall,MS,28147,10.3
1585,Marion,MS,28091,10.1
1586,Lamar,MS,28073,6.6
1587,Forrest,MS,28035,7.7
1588,Wayne,MS,28153,9.4
1589,Greene,MS,28041,9.9
1590,Perry,MS,28111,10.4
1591,Stone,MS,28131,7.2
1592,Pearl River,MS,28109,8.3
1593,Hancock,MS,28045,7.5
1594,George,MS,28039,10
1595,Sheridan,MT,30091,4.3
1596,Roosevelt,MT,30085,7.5
1597,Gallatin,MT,30031,5.5
1598,Madison,MT,30057,4.8
1599,Broadwater,MT,30007,6.2
1600,Jefferson,MT,30043,5.8
1601,Silver Bow,MT,30093,5.5
1602,Deer Lodge,MT,30023,6.5
1603,Beaverhead,MT,30001,4.4
1604,Ravalli,MT,30081,7.5
1605,Granite,MT,30039,8.2
1606,Lewis and Clark,MT,30049,4.3
1607,Powell,MT,30077,7.3
1608,Lake,MT,30047,8.3
1609,Missoula,MT,30063,5.6
1610,Mineral,MT,30061,8.6
1611,Sanders,MT,30089,11.2
1612,Lincoln,MT,30053,11.1
1613,Flathead,MT,30029,8.8
1614,Glacier,MT,30035,7.2
1615,Liberty,MT,30051,4.7
1616,Toole,MT,30101,4.1
1617,Pondera,MT,30073,6
1618,Teton,MT,30099,4
1619,Cascade,MT,30013,5.2
1620,Meagher,MT,30059,7.8
1621,Park,MT,30067,6.1
1622,Hill,MT,30041,5.1
1623,Chouteau,MT,30015,4.2
1624,Judith Basin,MT,30045,4.6
1625,Wheatland,MT,30107,4.3
1626,Sweet Grass,MT,30097,3.1
1627,Carbon,MT,30009,4.8
1628,Stillwater,MT,30095,5.2
1629,Golden Valley,MT,30037,4.7
1630,Fergus,MT,30027,4.7
1631,Blaine,MT,30005,5
1632,Phillips,MT,30071,4.8
1633,Petroleum,MT,30069,4.5
1634,Musselshell,MT,30065,7.5
1635,Yellowstone,MT,30111,4.7
1636,Big Horn,MT,30003,10.2
1637,Treasure,MT,30103,5.1
1638,Rosebud,MT,30087,7.3
1639,Garfield,MT,30033,3.4
1640,Daniels,MT,30019,4.2
1641,Valley,MT,30105,4.6
1642,McCone,MT,30055,3.2
1643,Prairie,MT,30079,3.1
1644,Powder River,MT,30075,4
1645,Custer,MT,30017,4.6
1646,Carter,MT,30011,3.9
1647,Fallon,MT,30025,3.7
1648,Wibaux,MT,30109,4.1
1649,Dawson,MT,30021,4.8
1650,Richland,MT,30083,4.6
1651,Clay,NC,37043,10.8
1652,Macon,NC,37113,9.2
1653,Transylvania,NC,37175,8.5
1654,Jackson,NC,37099,7.8
1655,Haywood,NC,37087,8.5
1656,Swain,NC,37173,9.1
1657,Graham,NC,37075,13.4
1658,Cherokee,NC,37039,14.2
1659,Mitchell,NC,37121,11
1660,Yancey,NC,37199,10.9
1661,Madison,NC,37115,9.3
1662,Buncombe,NC,37021,8.2
1663,Henderson,NC,37089,8.6
1664,Polk,NC,37149,8.2
1665,Rutherford,NC,37161,14.3
1666,McDowell,NC,37111,14.1
1667,Avery,NC,37011,7.9
1668,Watauga,NC,37189,6.9
1669,Alexander,NC,37003,13.6
1670,Ashe,NC,37009,10
1671,Alleghany,NC,37005,10.9
1672,Wilkes,NC,37193,12.9
1673,Caldwell,NC,37027,15.2
1674,Burke,NC,37023,14.1
1675,Cleveland,NC,37045,14.3
1676,Gaston,NC,37071,13.3
1677,Lincoln,NC,37109,13.2
1678,Catawba,NC,37035,13.6
1679,Iredell,NC,37097,12.1
1680,Mecklenburg,NC,37119,11
1681,Rowan,NC,37159,12.8
1682,Davie,NC,37059,12.1
1683,Yadkin,NC,37197,9.3
1684,Surry,NC,37171,11.8
1685,Stokes,NC,37169,10.1
1686,Forsyth,NC,37067,9.5
1687,Davidson,NC,37057,12.5
1688,Stanly,NC,37167,11.9
1689,Cabarrus,NC,37025,11.4
1690,Union,NC,37179,10
1691,Anson,NC,37007,14.8
1692,Rockingham,NC,37157,11.7
1693,Guilford,NC,37081,11
1694,Randolph,NC,37151,11
1695,Montgomery,NC,37123,13.3
1696,Richmond,NC,37153,13.2
1697,Scotland,NC,37165,16.5
1698,Caswell,NC,37033,12.4
1699,Alamance,NC,37001,11.8
1700,Moore,NC,37125,9.5
1701,Hoke,NC,37093,8.3
1702,Robeson,NC,37155,11.5
1703,Columbus,NC,37047,12.5
1704,Brunswick,NC,37019,10.5
1705,New Hanover,NC,37129,9.1
1706,Bladen,NC,37017,12
1707,Cumberland,NC,37051,9.1
1708,Chatham,NC,37037,8
1709,Harnett,NC,37085,10.9
1710,Lee,NC,37105,13.5
1711,Orange,NC,37135,6.3
1712,Person,NC,37145,10.8
1713,Durham,NC,37063,8
1714,Pender,NC,37141,10.8
1715,Sampson,NC,37163,8.3
1716,Wayne,NC,37191,8.8
1717,Johnston,NC,37101,9.5
1718,Wake,NC,37183,8.3
1719,Granville,NC,37077,10.2
1720,Vance,NC,37181,13
1721,Warren,NC,37185,12.7
1722,Franklin,NC,37069,9.7
1723,Nash,NC,37127,11.9
1724,Northampton,NC,37131,10.7
1725,Halifax,NC,37083,13.1
1726,Edgecombe,NC,37065,16.3
1727,Wilson,NC,37195,11.9
1728,Greene,NC,37079,10.2
1729,Lenoir,NC,37107,11.4
1730,Jones,NC,37103,10.9
1731,Duplin,NC,37061,8.7
1732,Onslow,NC,37133,8.3
1733,Carteret,NC,37031,7.6
1734,Pamlico,NC,37137,10.1
1735,Craven,NC,37049,10
1736,Pitt,NC,37147,10
1737,Martin,NC,37117,10.6
1738,Chowan,NC,37041,11.9
1739,Hertford,NC,37091,9.4
1740,Bertie,NC,37015,10.5
1741,Gates,NC,37073,7.1
1742,Camden,NC,37029,7.1
1743,Pasquotank,NC,37139,9.1
1744,Perquimans,NC,37143,10.3
1745,Beaufort,NC,37013,11.2
1746,Washington,NC,37187,11.7
1747,Tyrrell,NC,37177,8.8
1748,Dare,NC,37055,6.8
1749,Currituck,NC,37053,5
1750,Hyde,NC,37095,5.9
1751,Cass,ND,38017,3.7
1752,Richland,ND,38077,4.3
1753,Burke,ND,38013,2.2
1754,Divide,ND,38023,3.4
1755,Williams,ND,38105,2
1756,Mountrail,ND,38061,4.4
1757,McKenzie,ND,38053,2.2
1758,Dunn,ND,38025,3.6
1759,Stark,ND,38089,2.8
1760,Golden Valley,ND,38033,2.5
1761,Billings,ND,38007,1.3
1762,Bowman,ND,38011,2.7
1763,Slope,ND,38087,1.2
1764,Hettinger,ND,38041,2.7
1765,Adams,ND,38001,2.7
1766,Mercer,ND,38057,3.3
1767,Grant,ND,38037,3.2
1768,Sioux,ND,38085,4.3
1769,Morton,ND,38059,3
1770,Oliver,ND,38065,3.1
1771,Renville,ND,38075,3.3
1772,Ward,ND,38101,2.8
1773,McLean,ND,38055,3.4
1774,Bottineau,ND,38009,2.9
1775,McHenry,ND,38049,2.9
1776,Sheridan,ND,38083,3.7
1777,Burleigh,ND,38015,2.8
1778,Emmons,ND,38029,5.1
1779,McIntosh,ND,38051,3.1
1780,Logan,ND,38047,2.7
1781,Kidder,ND,38043,3.4
1782,Wells,ND,38103,3.8
1783,Pierce,ND,38069,4
1784,Rolette,ND,38079,9.7
1785,Towner,ND,38095,2.6
1786,Benson,ND,38005,5.3
1787,Eddy,ND,38027,3.8
1788,Foster,ND,38031,2.8
1789,Stutsman,ND,38093,3.2
1790,LaMoure,ND,38045,4.3
1791,Dickey,ND,38021,4.1
1792,Sargent,ND,38081,6.5
1793,Ransom,ND,38073,6
1794,Barnes,ND,38003,3.4
1795,Griggs,ND,38039,3.6
1796,Steele,ND,38091,2.1
1797,Nelson,ND,38063,2.9
1798,Ramsey,ND,38071,3.2
1799,Cavalier,ND,38019,2.5
1800,Pembina,ND,38067,5.1
1801,Walsh,ND,38099,4.5
1802,Grand Forks,ND,38035,3.5
1803,Traill,ND,38097,3.5
1804,Dawes,NE,31045,4.4
1805,Sioux,NE,31165,3.8
1806,Richardson,NE,31147,5.7
1807,Pawnee,NE,31133,4.1
1808,Nemaha,NE,31127,5.4
1809,Johnson,NE,31097,3.9
1810,Otoe,NE,31131,5
1811,Cass,NE,31025,4.6
1812,Sarpy,NE,31153,4.7
1813,Douglas,NE,31055,5
1814,Washington,NE,31177,4.1
1815,Burt,NE,31021,5.7
1816,Thurston,NE,31173,13.8
1817,Dakota,NE,31043,5.5
1818,Dixon,NE,31051,3.7
1819,Wayne,NE,31179,3.8
1820,Pierce,NE,31139,3.6
1821,Cedar,NE,31027,3.2
1822,Knox,NE,31107,3.6
1823,Dodge,NE,31053,4.9
1824,Colfax,NE,31037,4
1825,Cuming,NE,31039,3.5
1826,Stanton,NE,31167,3.6
1827,Madison,NE,31119,4.2
1828,Antelope,NE,31003,3.6
1829,Boone,NE,31011,3.9
1830,Platte,NE,31141,4.4
1831,Saunders,NE,31155,4.5
1832,Seward,NE,31159,3.7
1833,Butler,NE,31023,3.9
1834,Polk,NE,31143,4.2
1835,York,NE,31185,5.7
1836,Hamilton,NE,31081,3.4
1837,Nance,NE,31125,3.6
1838,Merrick,NE,31121,4
1839,Hall,NE,31079,4.4
1840,Howard,NE,31093,3.8
1841,Sherman,NE,31163,3
1842,Boyd,NE,31015,3.6
1843,Holt,NE,31089,3.2
1844,Valley,NE,31175,2.9
1845,Greeley,NE,31077,3.3
1846,Wheeler,NE,31183,3.2
1847,Garfield,NE,31071,2.5
1848,Loup,NE,31115,3.2
1849,Rock,NE,31149,3.1
1850,Keya Paha,NE,31103,4.4
1851,Brown,NE,31017,3.1
1852,Blaine,NE,31009,5.2
1853,Custer,NE,31041,3.1
1854,Buffalo,NE,31019,3.5
1855,Dawson,NE,31047,4.8
1856,Phelps,NE,31137,3.8
1857,Kearney,NE,31099,3.8
1858,Adams,NE,31001,5.6
1859,Clay,NE,31035,4.3
1860,Fillmore,NE,31059,4.4
1861,Saline,NE,31151,4
1862,Lancaster,NE,31109,4.2
1863,Gage,NE,31067,5.9
1864,Jefferson,NE,31095,4.6
1865,Thayer,NE,31169,4.3
1866,Nuckolls,NE,31129,4.7
1867,Webster,NE,31181,4.2
1868,Franklin,NE,31061,3.7
1869,Harlan,NE,31083,3.6
1870,Gosper,NE,31073,3.8
1871,Furnas,NE,31065,4.1
1872,Red Willow,NE,31145,4.2
1873,Hitchcock,NE,31087,6.6
1874,Dundy,NE,31057,4
1875,Frontier,NE,31063,3
1876,Hayes,NE,31085,4.2
1877,Chase,NE,31029,3
1878,Perkins,NE,31135,3.1
1879,Lincoln,NE,31111,4
1880,Keith,NE,31101,3.9
1881,Logan,NE,31113,4.3
1882,McPherson,NE,31117,4
1883,Arthur,NE,31005,4.4
1884,Thomas,NE,31171,3.8
1885,Hooker,NE,31091,4
1886,Grant,NE,31075,3.1
1887,Deuel,NE,31049,3.8
1888,Garden,NE,31069,4.4
1889,Cheyenne,NE,31033,4.1
1890,Morrill,NE,31123,4.1
1891,Kimball,NE,31105,4.3
1892,Banner,NE,31007,3.5
1893,Scotts Bluff,NE,31157,4.8
1894,Box Butte,NE,31013,7.1
1895,Cherry,NE,31031,2.5
1896,Sheridan,NE,31161,3.5
1897,Coos,NH,33007,7.8
1898,Grafton,NH,33009,5.6
1899,Strafford,NH,33017,6.6
1900,Rockingham,NH,33015,7.5
1901,Cheshire,NH,33005,6.5
1902,Sullivan,NH,33019,6.5
1903,Hillsborough,NH,33011,7.5
1904,Belknap,NH,33001,7
1905,Merrimack,NH,33013,6.3
1906,Carroll,NH,33003,5.4
1907,Richmond,NY,36085,8.9
1908,Essex,NJ,34013,11.1
1909,Monmouth,NJ,34025,8.7
1910,Ocean,NJ,34029,9.6
1911,Union,NJ,34039,9.8
1912,Hudson,NJ,34017,11.6
1913,Bergen,NJ,34003,8.4
1914,Middlesex,NJ,34023,9.2
1915,Somerset,NJ,34035,7.9
1916,Morris,NJ,34027,7.6
1917,Passaic,NJ,34031,11.7
1918,Sussex,NJ,34037,8.5
1919,Warren,NJ,34041,8.8
1920,Hunterdon,NJ,34019,6.9
1921,Mercer,NJ,34021,8.1
1922,Camden,NJ,34007,10.9
1923,Gloucester,NJ,34015,10
1924,Salem,NJ,34033,10.1
1925,Cumberland,NJ,34011,12.6
1926,Cape May,NJ,34009,8.5
1927,Atlantic,NJ,34001,12.2
1928,Burlington,NJ,34005,9.1
1929,Lea,NM,35025,8.3
1930,Eddy,NM,35015,6
1931,Los Alamos,NM,35028,2.9
1932,Rio Arriba,NM,35039,7.2
1933,San Juan,NM,35045,8.3
1934,McKinley,NM,35031,8.6
1935,Bernalillo,NM,35001,7.5
1936,Valencia,NM,35061,8.5
1937,Cibola,NM,35006,6.3
1938,Sierra,NM,35051,4.8
1939,Socorro,NM,35053,5
1940,Catron,NM,35003,8.1
1941,Grant,NM,35017,12.3
1942,Hidalgo,NM,35023,7.6
1943,Luna,NM,35029,13.4
1944,Dona Ana,NM,35013,6.9
1945,Taos,NM,35055,8.7
1946,Santa Fe,NM,35049,6.5
1947,Otero,NM,35035,6.8
1948,Torrance,NM,35057,8.8
1949,Lincoln,NM,35027,5.1
1950,Colfax,NM,35007,8
1951,Mora,NM,35033,13.1
1952,Union,NM,35059,5.5
1953,Harding,NM,35021,4.5
1954,San Miguel,NM,35047,7.8
1955,Quay,NM,35037,5.9
1956,Guadalupe,NM,35019,7.5
1957,DeBaca,NM,35011,4.3
1958,Curry,NM,35009,4.4
1959,Roosevelt,NM,35041,4.4
1960,Chaves,NM,35005,6.8
1961,Sandoval,NM,35043,9
1962,Elko,NV,32007,6.8
1963,White Pine,NV,32033,8.4
1964,Clark,NV,32003,13.9
1965,Lincoln,NV,32017,9.4
1966,Esmeralda,NV,32009,8.3
1967,Nye,NV,32023,16.1
1968,Eureka,NV,32011,9.3
1969,Lander,NV,32015,7.2
1970,Mineral,NV,32021,10.5
1971,Douglas,NV,32005,12.6
1972,Carson City,NV,32510,12.8
1973,Lyon,NV,32019,16.3
1974,Churchill,NV,32001,9.9
1975,Pershing,NV,32027,10.6
1976,Storey,NV,32029,14.8
1977,Washoe,NV,32031,13.1
1978,Humboldt,NV,32013,8.6
1979,Clinton,NY,36019,9
1980,Essex,NY,36031,7.8
1981,Orleans,NY,36073,8.2
1982,Genesee,NY,36037,7.2
1983,Wyoming,NY,36121,7.8
1984,Livingston,NY,36051,7.5
1985,Schenectady,NY,36093,7.8
1986,Montgomery,NY,36057,8.8
1987,Fulton,NY,36035,9.1
1988,Seneca,NY,36099,7.3
1989,Ontario,NY,36069,6.7
1990,Yates,NY,36123,6
1991,Schuyler,NY,36097,7.4
1992,Tompkins,NY,36109,5.6
1993,Cayuga,NY,36011,8
1994,Onondaga,NY,36067,7.9
1995,Cortland,NY,36023,8.5
1996,Chenango,NY,36017,8.7
1997,Madison,NY,36053,7.4
1998,Oneida,NY,36065,7.3
1999,Lewis,NY,36049,7.6
2000,Herkimer,NY,36043,7.6
2001,Otsego,NY,36077,6.8
2002,Schoharie,NY,36095,7.6
2003,Albany,NY,36001,7.1
2004,Saratoga,NY,36091,6.4
2005,Warren,NY,36113,7.2
2006,Hamilton,NY,36041,5.6
2007,Franklin,NY,36033,7.8
2008,St. Lawrence,NY,36089,8.9
2009,Jefferson,NY,36045,7.8
2010,Oswego,NY,36075,9.3
2011,Wayne,NY,36117,7.8
2012,Monroe,NY,36055,8.3
2013,Niagara,NY,36063,8.8
2014,Erie,NY,36029,8.3
2015,Chautauqua,NY,36013,7.8
2016,Cattaraugus,NY,36009,8.5
2017,Allegany,NY,36003,7.9
2018,Steuben,NY,36101,9.5
2019,Chemung,NY,36015,8.9
2020,Tioga,NY,36107,7.9
2021,Broome,NY,36007,8.5
2022,Delaware,NY,36025,8.4
2023,Sullivan,NY,36105,8.6
2024,Greene,NY,36039,8.4
2025,New York,NY,36061,9.2
2026,Ulster,NY,36111,8.1
2027,Bronx,NY,36005,13.3
2028,Kings,NY,36047,11
2029,Rockland,NY,36087,7.4
2030,Nassau,NY,36059,7.2
2031,Orange,NY,36071,8.2
2032,Queens,NY,36081,9.1
2033,Suffolk,NY,36103,7.5
2034,Westchester,NY,36119,7.4
2035,Putnam,NY,36079,7
2036,Dutchess,NY,36027,8.2
2037,Columbia,NY,36021,7.7
2038,Rensselaer,NY,36083,7.7
2039,Washington,NY,36115,7.4
2040,Trumbull,OH,39155,13.5
2041,Ashtabula,OH,39007,12.6
2042,Lawrence,OH,39087,8.4
2043,Scioto,OH,39145,12.1
2044,Adams,OH,39001,13.8
2045,Pike,OH,39131,14.7
2046,Jackson,OH,39079,10.5
2047,Gallia,OH,39053,9.5
2048,Meigs,OH,39105,15.2
2049,Vinton,OH,39163,11.3
2050,Washington,OH,39167,9.4
2051,Athens,OH,39009,8.6
2052,Hocking,OH,39073,10.4
2053,Ross,OH,39141,11.5
2054,Highland,OH,39071,15.3
2055,Brown,OH,39015,11.9
2056,Clermont,OH,39025,9.4
2057,Hamilton,OH,39061,8.9
2058,Clinton,OH,39027,13.9
2059,Warren,OH,39165,8.5
2060,Butler,OH,39017,9.1
2061,Preble,OH,39135,11.1
2062,Montgomery,OH,39113,11
2063,Greene,OH,39057,9.4
2064,Fayette,OH,39047,11.7
2065,Pickaway,OH,39129,10.3
2066,Fairfield,OH,39045,8.2
2067,Perry,OH,39127,12.8
2068,Monroe,OH,39111,11.5
2069,Noble,OH,39121,14
2070,Morgan,OH,39115,14.6
2071,Muskingum,OH,39119,11.9
2072,Belmont,OH,39013,9.2
2073,Harrison,OH,39067,10.6
2074,Guernsey,OH,39059,10.8
2075,Coshocton,OH,39031,12.3
2076,Licking,OH,39089,8.9
2077,Delaware,OH,39041,6.7
2078,Franklin,OH,39049,8.2
2079,Madison,OH,39097,8.5
2080,Clark,OH,39023,9.9
2081,Champaign,OH,39021,11.4
2082,Miami,OH,39109,11
2083,Shelby,OH,39149,11.9
2084,Darke,OH,39037,9.9
2085,Mercer,OH,39107,7.8
2086,Auglaize,OH,39011,10.1
2087,Logan,OH,39091,11.2
2088,Union,OH,39159,8
2089,Marion,OH,39101,10.2
2090,Morrow,OH,39117,10
2091,Knox,OH,39083,8.7
2092,Holmes,OH,39075,6.3
2093,Tuscarawas,OH,39157,10.2
2094,Carroll,OH,39019,13.2
2095,Jefferson,OH,39081,12.7
2096,Columbiana,OH,39029,12.5
2097,Stark,OH,39151,11
2098,Wayne,OH,39169,8.9
2099,Ashland,OH,39005,11.4
2100,Richland,OH,39139,11.8
2101,Crawford,OH,39033,13.2
2102,Wyandot,OH,39175,11.2
2103,Hardin,OH,39065,11.2
2104,Allen,OH,39003,10.2
2105,Hancock,OH,39063,9.1
2106,Putnam,OH,39137,9
2107,Van Wert,OH,39161,13.2
2108,Mahoning,OH,39099,11.8
2109,Portage,OH,39133,9.2
2110,Summit,OH,39153,9.6
2111,Medina,OH,39103,7.5
2112,Huron,OH,39077,12.8
2113,Seneca,OH,39147,12
2114,Sandusky,OH,39143,10.8
2115,Wood,OH,39173,10
2116,Henry,OH,39069,10.9
2117,Paulding,OH,39125,11.5
2118,Defiance,OH,39039,11.7
2119,Geauga,OH,39055,6.5
2120,Lake,OH,39085,7.9
2121,Cuyahoga,OH,39035,8.5
2122,Lorain,OH,39093,9.1
2123,Erie,OH,39043,9.5
2124,Ottawa,OH,39123,10.7
2125,Lucas,OH,39095,11.3
2126,Fulton,OH,39051,12.1
2127,Williams,OH,39171,14.1
2128,Texas,OK,40139,3.8
2129,Cimarron,OK,40025,3.5
2130,Ottawa,OK,40115,6.2
2131,Craig,OK,40035,5.5
2132,Mayes,OK,40097,8.1
2133,Delaware,OK,40041,6
2134,Adair,OK,40001,7.6
2135,Cherokee,OK,40021,5.6
2136,Sequoyah,OK,40135,8.7
2137,Haskell,OK,40061,8.4
2138,Le Flore,OK,40079,8.7
2139,Latimer,OK,40077,10.4
2140,Pittsburg,OK,40121,6.5
2141,Coal,OK,40029,8.8
2142,Atoka,OK,40005,8.4
2143,Pushmataha,OK,40127,8.9
2144,McCurtain,OK,40089,11.6
2145,Choctaw,OK,40023,7.6
2146,Bryan,OK,40013,5.2
2147,Marshall,OK,40095,7.5
2148,Johnston,OK,40069,7
2149,Pontotoc,OK,40123,5.1
2150,Garvin,OK,40049,5.9
2151,Murray,OK,40099,4.7
2152,Love,OK,40085,5.4
2153,Carter,OK,40019,5.7
2154,Jefferson,OK,40067,8.6
2155,Stephens,OK,40137,8.4
2156,Cotton,OK,40033,4
2157,Comanche,OK,40031,5.1
2158,Tillman,OK,40141,5.6
2159,Jackson,OK,40065,4.8
2160,Kiowa,OK,40075,6.2
2161,Greer,OK,40055,7.9
2162,Harmon,OK,40057,6.9
2163,Muskogee,OK,40101,8.1
2164,McIntosh,OK,40091,8.2
2165,Hughes,OK,40063,10.7
2166,Seminole,OK,40133,9.2
2167,Pottawatomie,OK,40125,6.5
2168,Cleveland,OK,40027,5.2
2169,McClain,OK,40087,5.6
2170,Grady,OK,40051,7.4
2171,Caddo,OK,40015,6.1
2172,Canadian,OK,40017,5.5
2173,Oklahoma,OK,40109,6.1
2174,Lincoln,OK,40081,6.7
2175,Okfuskee,OK,40107,8.9
2176,Okmulgee,OK,40111,8.5
2177,Wagoner,OK,40145,6.6
2178,Rogers,OK,40131,7.2
2179,Nowata,OK,40105,9.3
2180,Washington,OK,40147,5.9
2181,Tulsa,OK,40143,6.8
2182,Creek,OK,40037,8.1
2183,Payne,OK,40119,6.3
2184,Logan,OK,40083,5.6
2185,Kingfisher,OK,40073,4.3
2186,Blaine,OK,40011,5.7
2187,Washita,OK,40149,6.3
2188,Beckham,OK,40009,5.9
2189,Custer,OK,40039,4.9
2190,Dewey,OK,40043,4.6
2191,Roger Mills,OK,40129,4.5
2192,Ellis,OK,40045,4.5
2193,Woodward,OK,40153,6.5
2194,Major,OK,40093,4.5
2195,Garfield,OK,40047,4.5
2196,Noble,OK,40103,7.7
2197,Pawnee,OK,40117,8.2
2198,Osage,OK,40113,7.4
2199,Kay,OK,40071,8.1
2200,Grant,OK,40053,4.2
2201,Alfalfa,OK,40003,5.5
2202,Woods,OK,40151,4.2
2203,Harper,OK,40059,4.3
2204,Beaver,OK,40007,3.3
2205,Clatsop,OR,41007,8.2
2206,Columbia,OR,41009,12.6
2207,Curry,OR,41015,11.2
2208,Coos,OR,41011,11.7
2209,Josephine,OR,41033,13.3
2210,Jackson,OR,41029,11.5
2211,Douglas,OR,41019,14
2212,Klamath,OR,41035,12
2213,Lake,OR,41037,10.1
2214,Harney,OR,41025,15
2215,Malheur,OR,41045,9.3
2216,Baker,OR,41001,8.5
2217,Wallowa,OR,41063,8.7
2218,Union,OR,41061,10.2
2219,Grant,OR,41023,9.9
2220,Wheeler,OR,41069,6.7
2221,Crook,OR,41013,16.1
2222,Deschutes,OR,41017,13.5
2223,Jefferson,OR,41031,12.9
2224,Linn,OR,41043,13.6
2225,Lane,OR,41039,11.5
2226,Benton,OR,41003,7.5
2227,Lincoln,OR,41041,9.4
2228,Polk,OR,41053,9.3
2229,Yamhill,OR,41071,11
2230,Marion,OR,41047,10.3
2231,Clackamas,OR,41005,10.4
2232,Umatilla,OR,41059,7.8
2233,Morrow,OR,41049,7.4
2234,Gilliam,OR,41021,5.6
2235,Sherman,OR,41055,7.6
2236,Wasco,OR,41065,8
2237,Hood River,OR,41027,6.6
2238,Multnomah,OR,41051,10.9
2239,Washington,OR,41067,9.6
2240,Tillamook,OR,41057,8.2
2241,Philadelphia,PA,42101,11
2242,Bucks,PA,42017,7.3
2243,Greene,PA,42059,7.8
2244,Fayette,PA,42051,9.1
2245,Washington,PA,42125,7.9
2246,Allegheny,PA,42003,7.2
2247,Beaver,PA,42007,8.4
2248,Lawrence,PA,42073,8.9
2249,Butler,PA,42019,7.1
2250,Armstrong,PA,42005,8
2251,Clarion,PA,42031,8.3
2252,Forest,PA,42053,10.2
2253,Venango,PA,42121,8.7
2254,Mercer,PA,42085,11.3
2255,Crawford,PA,42039,10.1
2256,Erie,PA,42049,9.2
2257,Westmoreland,PA,42129,7.8
2258,Indiana,PA,42063,7.8
2259,Jefferson,PA,42065,9.5
2260,Warren,PA,42123,7.3
2261,McKean,PA,42083,10
2262,Cameron,PA,42023,16.7
2263,Elk,PA,42047,12.9
2264,Clearfield,PA,42033,9.8
2265,Blair,PA,42013,7.4
2266,Cambria,PA,42021,8.8
2267,Somerset,PA,42111,8.5
2268,Bedford,PA,42009,10.9
2269,Fulton,PA,42057,14.3
2270,Huntingdon,PA,42061,10.2
2271,Franklin,PA,42055,8.6
2272,Mifflin,PA,42087,10.4
2273,Potter,PA,42105,10.3
2274,Clinton,PA,42035,8.2
2275,Centre,PA,42027,5.6
2276,Union,PA,42119,8.8
2277,Montour,PA,42093,5.9
2278,Tioga,PA,42117,7.8
2279,Lycoming,PA,42081,9.3
2280,Wyoming,PA,42131,6.9
2281,Sullivan,PA,42113,7.9
2282,Columbia,PA,42037,8.2
2283,Northumberland,PA,42097,9.4
2284,Snyder,PA,42109,8.6
2285,Juniata,PA,42067,7.6
2286,Perry,PA,42099,8.1
2287,Cumberland,PA,42041,6.8
2288,Adams,PA,42001,7.4
2289,York,PA,42133,8.4
2290,Dauphin,PA,42043,8.1
2291,Lebanon,PA,42075,7
2292,Lancaster,PA,42071,7.5
2293,Berks,PA,42011,9.1
2294,Schuylkill,PA,42107,10.1
2295,Carbon,PA,42025,10
2296,Luzerne,PA,42079,9.2
2297,Lackawanna,PA,42069,8.3
2298,Bradford,PA,42015,7.6
2299,Susquehanna,PA,42115,7.8
2300,Wayne,PA,42127,6.6
2301,Pike,PA,42103,8.6
2302,Monroe,PA,42089,9
2303,Northampton,PA,42095,8.8
2304,Lehigh,PA,42077,9.3
2305,Delaware,PA,42045,7.9
2306,Montgomery,PA,42091,7
2307,Chester,PA,42029,6.3
2308,Kent,RI,44003,11.9
2309,Providence,RI,44007,13.5
2310,Bristol,RI,44001,11.1
2311,Newport,RI,44005,10
2312,Washington,RI,44009,9.2
2313,Pickens,SC,45077,10.6
2314,Oconee,SC,45073,14.2
2315,Beaufort,SC,45013,8.7
2316,Hampton,SC,45049,16.1
2317,Jasper,SC,45053,10.7
2318,Marion,SC,45067,21
2319,Dillon,SC,45033,17.2
2320,Horry,SC,45051,10.9
2321,Charleston,SC,45019,9
2322,Dorchester,SC,45035,10.3
2323,Berkeley,SC,45015,10.7
2324,Georgetown,SC,45043,12.5
2325,Clarendon,SC,45027,16.1
2326,Williamsburg,SC,45089,15.4
2327,Florence,SC,45041,11.7
2328,Marlboro,SC,45069,20.2
2329,Darlington,SC,45031,13
2330,Lee,SC,45061,15.7
2331,Kershaw,SC,45055,10.4
2332,Sumter,SC,45085,13.9
2333,Calhoun,SC,45017,14.4
2334,Colleton,SC,45029,14.2
2335,Allendale,SC,45005,22.5
2336,Bamberg,SC,45009,18.1
2337,Orangeburg,SC,45075,18.7
2338,Barnwell,SC,45011,19
2339,Aiken,SC,45003,9.4
2340,Lexington,SC,45063,8.3
2341,Richland,SC,45079,9.5
2342,Fairfield,SC,45039,12.9
2343,Newberry,SC,45071,11.7
2344,Saluda,SC,45081,9.4
2345,Edgefield,SC,45037,10.7
2346,McCormick,SC,45065,15.7
2347,Greenwood,SC,45047,13.7
2348,Laurens,SC,45059,11.7
2349,Abbeville,SC,45001,14.8
2350,Anderson,SC,45007,12.5
2351,Union,SC,45087,20.6
2352,Chesterfield,SC,45025,16.8
2353,Lancaster,SC,45057,17.9
2354,Chester,SC,45023,21.1
2355,York,SC,45091,14.1
2356,Cherokee,SC,45021,16.2
2357,Spartanburg,SC,45083,12.2
2358,Greenville,SC,45045,10.2
2359,Perkins,SD,46105,3.9
2360,Harding,SD,46063,2.3
2361,Custer,SD,46033,3
2362,Fall River,SD,46047,4.9
2363,Shannon,SD,46113,12.6
2364,Bennett,SD,46007,6
2365,Mellette,SD,46095,6.8
2366,Todd,SD,46121,8.4
2367,Tripp,SD,46123,2.9
2368,Gregory,SD,46053,3.1
2369,Brule,SD,46015,2.7
2370,Aurora,SD,46003,4
2371,Davison,SD,46035,4.3
2372,Douglas,SD,46043,3.1
2373,Charles Mix,SD,46023,4.8
2374,Bon Homme,SD,46009,4.9
2375,Yankton,SD,46135,5.3
2376,Hutchinson,SD,46067,3.9
2377,Hanson,SD,46061,3
2378,McCook,SD,46087,4.5
2379,Turner,SD,46125,4.4
2380,Clay,SD,46027,3.7
2381,Union,SD,46127,5.3
2382,Lincoln,SD,46083,3.9
2383,Minnehaha,SD,46099,4.7
2384,Lyman,SD,46085,5.7
2385,Jones,SD,46075,2.4
2386,Jackson,SD,46071,6.2
2387,Stanley,SD,46117,2.1
2388,Haakon,SD,46055,3.6
2389,Pennington,SD,46103,4.4
2390,Lawrence,SD,46081,3.8
2391,Butte,SD,46019,3.9
2392,Meade,SD,46093,4
2393,Ziebach,SD,46137,7.8
2394,Dewey,SD,46041,10.4
2395,Walworth,SD,46129,4
2396,Potter,SD,46107,3.2
2397,Sully,SD,46119,2.4
2398,Hughes,SD,46065,2.7
2399,Buffalo,SD,46017,17.2
2400,Jerauld,SD,46073,2.6
2401,Sanborn,SD,46111,3.8
2402,Miner,SD,46097,5.7
2403,Lake,SD,46079,5.8
2404,Moody,SD,46101,6.1
2405,Brookings,SD,46011,3.2
2406,Hamlin,SD,46057,5.1
2407,Kingsbury,SD,46077,5.1
2408,Beadle,SD,46005,3
2409,Hyde,SD,46069,3.6
2410,Hand,SD,46059,2.8
2411,Edmunds,SD,46045,2.7
2412,Faulk,SD,46049,3.1
2413,Spink,SD,46115,3.4
2414,Clark,SD,46025,4.7
2415,Codington,SD,46029,5.8
2416,Deuel,SD,46039,4.8
2417,Grand,SD,46051,0
2418,Day,SD,46037,5.3
2419,Roberts,SD,46109,4.8
2420,Marshall,SD,46091,4.7
2421,Brown,SD,46013,3.1
2422,McPherson,SD,46089,5
2423,Campbell,SD,46021,4.5
2424,Corson,SD,46031,5.6
2425,Sullivan,TN,47163,8.8
2426,Johnson,TN,47091,12.2
2427,McNairy,TN,47109,12.7
2428,Chester,TN,47023,11.5
2429,Hardeman,TN,47069,12.7
2430,Fayette,TN,47047,10.8
2431,Haywood,TN,47075,18
2432,Madison,TN,47113,11
2433,Crockett,TN,47033,13.4
2434,Gibson,TN,47053,15.7
2435,Carroll,TN,47017,16.4
2436,Weakley,TN,47183,13
2437,Obion,TN,47131,10.4
2438,Lake,TN,47095,10.7
2439,Dyer,TN,47045,14
2440,Lauderdale,TN,47097,18.9
2441,Tipton,TN,47167,11.6
2442,Shelby,TN,47157,10.2
2443,Henderson,TN,47077,18.1
2444,Henry,TN,47079,13.1
2445,Benton,TN,47005,12.8
2446,Decatur,TN,47039,14.2
2447,Hardin,TN,47071,11.1
2448,Lawrence,TN,47099,14.6
2449,Wayne,TN,47181,12.9
2450,Lewis,TN,47101,14.9
2451,Perry,TN,47135,17.6
2452,Hickman,TN,47081,12.4
2453,Humphreys,TN,47085,11.9
2454,Houston,TN,47083,11.6
2455,Stewart,TN,47161,11.1
2456,Montgomery,TN,47125,9
2457,Robertson,TN,47147,10.1
2458,Cheatham,TN,47021,9.4
2459,Dickson,TN,47043,9.8
2460,Williamson,TN,47187,7.5
2461,Maury,TN,47119,11.9
2462,Marshall,TN,47117,16.3
2463,Giles,TN,47055,14
2464,Lincoln,TN,47103,6.9
2465,Moore,TN,47127,9.7
2466,Bedford,TN,47003,12.1
2467,Rutherford,TN,47149,9.5
2468,Davidson,TN,47037,9.2
2469,Sumner,TN,47165,9.7
2470,Wilson,TN,47189,9
2471,Cannon,TN,47015,10.8
2472,Coffee,TN,47031,10.2
2473,Franklin,TN,47051,10.4
2474,Marion,TN,47115,12.1
2475,Sequatchie,TN,47153,12.8
2476,Grundy,TN,47061,13
2477,Van Buren,TN,47175,14.2
2478,Warren,TN,47177,12.5
2479,White,TN,47185,13.5
2480,DeKalb,TN,47041,10.2
2481,Putnam,TN,47141,9.7
2482,Hartsville-Trousdale,TN,47169,0
2483,Macon,TN,47111,11.2
2484,Smith,TN,47159,12.8
2485,Jackson,TN,47087,12.7
2486,Overton,TN,47133,12
2487,Clay,TN,47027,12.6
2488,Pickett,TN,47137,13.4
2489,Bledsoe,TN,47007,13.7
2490,Fentress,TN,47049,13
2491,Cumberland,TN,47035,10.8
2492,Rhea,TN,47143,12.7
2493,Meigs,TN,47121,13.6
2494,Hamilton,TN,47065,8.7
2495,Bradley,TN,47011,9.3
2496,Polk,TN,47139,11.4
2497,Monroe,TN,47123,16.1
2498,McMinn,TN,47107,13
2499,Roane,TN,47145,8.9
2500,Morgan,TN,47129,11.6
2501,Scott,TN,47151,18.4
2502,Campbell,TN,47013,13.1
2503,Anderson,TN,47001,9.7
2504,Loudon,TN,47105,9.5
2505,Blount,TN,47009,9.3
2506,Sevier,TN,47155,9.2
2507,Knox,TN,47093,8.1
2508,Union,TN,47173,10.7
2509,Claiborne,TN,47025,11.1
2510,Hancock,TN,47067,18.3
2511,Grainger,TN,47057,13.5
2512,Hamblen,TN,47063,12.5
2513,Jefferson,TN,47089,11.8
2514,Cocke,TN,47029,12.2
2515,Unicoi,TN,47171,10.3
2516,Hawkins,TN,47073,10.3
2517,Greene,TN,47059,14.3
2518,Washington,TN,47179,8.6
2519,Carter,TN,47019,9.8
2520,Bowie,TX,48037,7.8
2521,Red River,TX,48387,10.5
2522,Crosby,TX,48107,7
2523,Lubbock,TX,48303,5.7
2524,Hockley,TX,48219,7
2525,Cochran,TX,48079,7.2
2526,Floyd,TX,48153,6.9
2527,Hale,TX,48189,6.4
2528,Lamb,TX,48279,6.6
2529,Bailey,TX,48017,5.2
2530,Briscoe,TX,48045,5.9
2531,Swisher,TX,48437,6.7
2532,Castro,TX,48069,5.3
2533,Parmer,TX,48369,4.8
2534,Armstrong,TX,48011,5.1
2535,Randall,TX,48381,5.1
2536,Deaf Smith,TX,48117,5.8
2537,Carson,TX,48065,6.7
2538,Potter,TX,48375,6.6
2539,Oldham,TX,48359,5.5
2540,Hutchinson,TX,48233,8
2541,Moore,TX,48341,5.3
2542,Hartley,TX,48205,4.3
2543,Hansford,TX,48195,5.5
2544,Sherman,TX,48421,4.9
2545,Dallam,TX,48111,4.4
2546,Hudspeth,TX,48229,6.5
2547,El Paso,TX,48141,9.8
2548,Lynn,TX,48305,6.8
2549,Terry,TX,48445,7.7
2550,Yoakum,TX,48501,7.1
2551,Dawson,TX,48115,8.7
2552,Gaines,TX,48165,6.8
2553,Martin,TX,48317,5
2554,Andrews,TX,48003,7.6
2555,Midland,TX,48329,6.2
2556,Ector,TX,48135,9.2
2557,Crane,TX,48103,9.5
2558,Presidio,TX,48377,17.8
2559,Culberson,TX,48109,4.5
2560,Ward,TX,48475,8.5
2561,Winkler,TX,48495,9
2562,Loving,TX,48301,11.5
2563,Reeves,TX,48389,14
2564,Jeff Davis,TX,48243,5.6
2565,Brewster,TX,48043,5.1
2566,Terrell,TX,48443,7.8
2567,Pecos,TX,48371,11.7
2568,Upton,TX,48461,5.6
2569,Reagan,TX,48383,5.8
2570,Glasscock,TX,48173,5.2
2571,Howard,TX,48227,7.5
2572,Borden,TX,48033,6.2
2573,Garza,TX,48169,5.7
2574,Scurry,TX,48415,7.2
2575,Mitchell,TX,48335,8.7
2576,Sterling,TX,48431,4.6
2577,Irion,TX,48235,5.4
2578,Crockett,TX,48105,9.7
2579,Val Verde,TX,48465,9.6
2580,Zapata,TX,48505,12.6
2581,Jim Hogg,TX,48247,10
2582,Starr,TX,48427,17.8
2583,Willacy,TX,48489,13.9
2584,Hidalgo,TX,48215,11.6
2585,Brooks,TX,48047,9.9
2586,Kenedy,TX,48261,6.1
2587,Kleberg,TX,48273,7.7
2588,Jim Wells,TX,48249,10
2589,Nueces,TX,48355,7.7
2590,San Patricio,TX,48409,9.8
2591,Calhoun,TX,48057,9.5
2592,Refugio,TX,48391,7
2593,Bee,TX,48025,10.3
2594,Live Oak,TX,48297,7.6
2595,McMullen,TX,48311,7.8
2596,Duval,TX,48131,12.5
2597,Webb,TX,48479,9.1
2598,La Salle,TX,48283,9.9
2599,Dimmit,TX,48127,11
2600,Maverick,TX,48323,13.6
2601,Kinney,TX,48271,8.9
2602,Edwards,TX,48137,6.7
2603,Real,TX,48385,6.1
2604,Uvalde,TX,48463,8.9
2605,Zavala,TX,48507,16.3
2606,Frio,TX,48163,8.4
2607,Goliad,TX,48175,7.9
2608,Victoria,TX,48469,7.9
2609,DeWitt,TX,48123,8.3
2610,Karnes,TX,48255,10.5
2611,Wilson,TX,48493,6.9
2612,Atascosa,TX,48013,7.9
2613,Medina,TX,48325,7.1
2614,Bandera,TX,48019,6.8
2615,Kerr,TX,48265,6
2616,Gillespie,TX,48171,4.9
2617,Blanco,TX,48031,5.8
2618,Kendall,TX,48259,6
2619,Bexar,TX,48029,7.2
2620,Guadalupe,TX,48187,6.7
2621,Comal,TX,48091,6.6
2622,Hays,TX,48209,6.8
2623,Caldwell,TX,48055,8.2
2624,Gonzales,TX,48177,6.1
2625,Lavaca,TX,48285,6.4
2626,Jackson,TX,48239,7.6
2627,Matagorda,TX,48321,11.2
2628,Wharton,TX,48481,7.9
2629,Colorado,TX,48089,6.6
2630,Bastrop,TX,48021,8
2631,Fayette,TX,48149,5.7
2632,Lee,TX,48287,6.9
2633,Austin,TX,48015,8.4
2634,Washington,TX,48477,6.9
2635,Waller,TX,48473,9
2636,Fort Bend,TX,48157,8.3
2637,Brazoria,TX,48039,8.9
2638,Galveston,TX,48167,8.5
2639,Montgomery,TX,48339,7.9
2640,Harris,TX,48201,8.5
2641,Chambers,TX,48071,10.7
2642,Hardin,TX,48199,10.1
2643,Liberty,TX,48291,11.2
2644,Jefferson,TX,48245,10.8
2645,Orange,TX,48361,11.1
2646,Travis,TX,48453,7
2647,Kent,TX,48263,6.2
2648,Kimble,TX,48267,5.4
2649,Sutton,TX,48435,7.8
2650,Schleicher,TX,48413,11.1
2651,Menard,TX,48327,9
2652,Mason,TX,48319,5.4
2653,Llano,TX,48299,7.3
2654,Burnet,TX,48053,6.3
2655,Williamson,TX,48491,7.8
2656,Burleson,TX,48051,7.4
2657,San Jacinto,TX,48407,10
2658,Walker,TX,48471,7.8
2659,Grimes,TX,48185,10
2660,Brazos,TX,48041,6.2
2661,Madison,TX,48313,8.7
2662,Leon,TX,48289,7.9
2663,Robertson,TX,48395,8.7
2664,Milam,TX,48331,10.2
2665,Bell,TX,48027,7.1
2666,Coryell,TX,48099,8.7
2667,Lampasas,TX,48281,6.1
2668,Mills,TX,48333,6
2669,San Saba,TX,48411,7.8
2670,McCulloch,TX,48307,9.1
2671,Concho,TX,48095,8.2
2672,Tom Green,TX,48451,7
2673,Coke,TX,48081,8.6
2674,Runnels,TX,48399,10.1
2675,Coleman,TX,48083,6.9
2676,Brown,TX,48049,7.2
2677,Comanche,TX,48093,6.1
2678,Hamilton,TX,48193,6
2679,Bosque,TX,48035,8.6
2680,Falls,TX,48145,9.5
2681,McLennan,TX,48309,7.1
2682,Hill,TX,48217,8.5
2683,Limestone,TX,48293,7.2
2684,Freestone,TX,48161,6.7
2685,Navarro,TX,48349,8.4
2686,Somervell,TX,48425,7.3
2687,Ellis,TX,48139,8.6
2688,Johnson,TX,48251,9.1
2689,Hood,TX,48221,7.6
2690,Erath,TX,48143,7.1
2691,Eastland,TX,48133,8.4
2692,Callahan,TX,48059,6.3
2693,Taylor,TX,48441,6.1
2694,Nolan,TX,48353,6.4
2695,Fisher,TX,48151,6.4
2696,Jones,TX,48253,8.2
2697,Shackelford,TX,48417,4.3
2698,Stephens,TX,48429,6.9
2699,Palo Pinto,TX,48363,9.1
2700,Parker,TX,48367,8.4
2701,Tarrant,TX,48439,8.2
2702,Dallas,TX,48113,8.7
2703,Rockwall,TX,48397,7.8
2704,Kaufman,TX,48257,8.8
2705,Rains,TX,48379,8.5
2706,Van Zandt,TX,48467,7.4
2707,Henderson,TX,48213,8.5
2708,Anderson,TX,48001,9.4
2709,Houston,TX,48225,10.3
2710,Trinity,TX,48455,8.8
2711,Polk,TX,48373,10.3
2712,Newton,TX,48351,12.4
2713,Jasper,TX,48241,11.9
2714,Tyler,TX,48457,10.5
2715,Angelina,TX,48005,8.9
2716,Sabine,TX,48403,15.9
2717,San Augustine,TX,48405,10.8
2718,Shelby,TX,48419,8.1
2719,Nacogdoches,TX,48347,7
2720,Cherokee,TX,48073,9.7
2721,Panola,TX,48365,7.5
2722,Rusk,TX,48401,9.1
2723,Gregg,TX,48183,8
2724,Smith,TX,48423,8.3
2725,Wood,TX,48499,8.4
2726,Harrison,TX,48203,8.7
2727,Upshur,TX,48459,8.1
2728,Camp,TX,48063,9.6
2729,Marion,TX,48315,11.8
2730,Cass,TX,48067,12.5
2731,Morris,TX,48343,15.6
2732,Titus,TX,48449,7.7
2733,Franklin,TX,48159,7.3
2734,Hopkins,TX,48223,6.5
2735,Delta,TX,48119,8.4
2736,Hunt,TX,48231,8.5
2737,Collin,TX,48085,7.8
2738,Denton,TX,48121,7.7
2739,Wise,TX,48497,9.6
2740,Jack,TX,48237,6.4
2741,Young,TX,48503,6.4
2742,Throckmorton,TX,48447,5.6
2743,Haskell,TX,48207,5.2
2744,Stonewall,TX,48433,4.8
2745,Dickens,TX,48125,6
2746,Motley,TX,48345,5.3
2747,Hall,TX,48191,8.9
2748,Donley,TX,48129,7
2749,Gray,TX,48179,8.9
2750,Roberts,TX,48393,6.2
2751,Ochiltree,TX,48357,6.3
2752,Lipscomb,TX,48295,6.1
2753,Hemphill,TX,48211,3
2754,Wheeler,TX,48483,5.6
2755,Collingsworth,TX,48087,5.9
2756,Childress,TX,48075,6.4
2757,Cottle,TX,48101,5.6
2758,King,TX,48269,5.4
2759,Knox,TX,48275,6.4
2760,Foard,TX,48155,5.7
2761,Hardeman,TX,48197,7.2
2762,Archer,TX,48009,6.5
2763,Baylor,TX,48023,5.1
2764,Wilbarger,TX,48487,5.5
2765,Wichita,TX,48485,8.1
2766,Clay,TX,48077,7.4
2767,Montague,TX,48337,7.8
2768,Cooke,TX,48097,6.5
2769,Fannin,TX,48147,9
2770,Grayson,TX,48181,8.7
2771,Lamar,TX,48277,7.8
2772,Aransas,TX,48007,7.3
2773,Cameron,TX,48061,10.8
2774,San Juan,UT,49037,8.6
2775,Garfield,UT,49017,4.9
2776,Morgan,UT,49029,5.3
2777,Davis,UT,49011,5.6
2778,Weber,UT,49057,7
2779,Rich,UT,49033,2.8
2780,Cache,UT,49005,4.2
2781,Box Elder,UT,49003,5.6
2782,Daggett,UT,49009,2.7
2783,Salt Lake,UT,49035,6
2784,Summit,UT,49043,5.8
2785,Wasatch,UT,49051,6
2786,Utah,UT,49049,5.4
2787,Tooele,UT,49045,6.4
2788,Juab,UT,49023,6.8
2789,Millard,UT,49027,4
2790,Sevier,UT,49041,5.7
2791,Sanpete,UT,49039,5.6
2792,Carbon,UT,49007,6.5
2793,Duchesne,UT,49013,6.9
2794,Uintah,UT,49047,6.6
2795,Grand,UT,49019,5.2
2796,Emery,UT,49015,6.2
2797,Wayne,UT,49055,4.2
2798,Piute,UT,49031,3.8
2799,Beaver,UT,49001,4.2
2800,Iron,UT,49021,6.3
2801,Washington,UT,49053,7.8
2802,Kane,UT,49025,4.4
2803,Accomack,VA,51001,6.1
2804,Northampton,VA,51131,6.6
2805,Buchanan,VA,51027,8.8
2806,Tazewell,VA,51185,7.9
2807,Smyth,VA,51173,10.2
2808,Bristol,VA,51520,9.9
2809,Washington,VA,51191,8.2
2810,Russell,VA,51167,9.6
2811,Norton,VA,51720,5.5
2812,Wise,VA,51195,6.7
2813,Dickenson,VA,51051,8.3
2814,Scott,VA,51169,9.9
2815,Lee,VA,51105,7.1
2816,Bland,VA,51021,7.5
2817,Grayson,VA,51077,10.4
2818,Galax,VA,51640,10.3
2819,Wythe,VA,51197,9.7
2820,Giles,VA,51071,8.5
2821,Radford,VA,51750,8.5
2822,Pulaski,VA,51155,10.8
2823,Falls Church,VA,51610,7.3
2824,Arlington,VA,51013,4.2
2825,Carroll,VA,51035,11.3
2826,Henry,VA,51089,13.4
2827,Patrick,VA,51141,9.9
2828,Floyd,VA,51063,7.1
2829,Montgomery,VA,51121,6.3
2830,Salem,VA,51775,6.3
2831,Franklin,VA,51067,7.8
2832,Roanoke,VA,51161,5.9
2833,Bedford,VA,51019,6.2
2834,Alleghany,VA,51005,8.7
2835,Craig,VA,51045,7.2
2836,Botetourt,VA,51023,6.2
2837,Amherst,VA,51009,7
2838,Rockbridge,VA,51163,5.6
2839,Bath,VA,51017,5.4
2840,Highland,VA,51091,5.9
2841,Greene,VA,51079,5.8
2842,Rockingham,VA,51165,5.3
2843,Augusta,VA,51015,5.8
2844,Nelson,VA,51125,6.2
2845,Buckingham,VA,51029,7.8
2846,Appomattox,VA,51011,6.7
2847,Campbell,VA,51031,6.6
2848,Halifax,VA,51083,11.5
2849,Pittsylvania,VA,51143,10.3
2850,Martinsville,VA,51690,20
2851,Danville,VA,51590,13
2852,Lynchburg,VA,51680,7.7
2853,Bedford,VA,51515,6.2
2854,Roanoke,VA,51770,5.9
2855,Buena Vista,VA,51530,8.7
2856,Covington,VA,51580,9.1
2857,Lexington,VA,51678,9.2
2858,Waynesboro,VA,51820,8.2
2859,Staunton,VA,51790,7.3
2860,Charlottesville,VA,51540,6.2
2861,Harrisonburg,VA,51660,6.4
2862,Albemarle,VA,51003,5
2863,Fluvanna,VA,51065,5.8
2864,Cumberland,VA,51049,7
2865,Prince Edward,VA,51147,8.4
2866,Charlotte,VA,51037,9.1
2867,Mecklenburg,VA,51117,10.5
2868,Colonial Heights,VA,51570,8.2
2869,Lunenburg,VA,51111,9.1
2870,Hopewell,VA,51670,10.4
2871,Alexandria,VA,51510,4.8
2872,Page,VA,51139,9.8
2873,Shenandoah,VA,51171,7.6
2874,Clarke,VA,51043,6.1
2875,Winchester,VA,51840,7.9
2876,Frederick,VA,51069,7.3
2877,Warren,VA,51187,6.6
2878,Rappahannock,VA,51157,5.6
2879,Madison,VA,51113,6
2880,Orange,VA,51137,7.6
2881,Louisa,VA,51109,8.1
2882,Goochland,VA,51075,6.7
2883,Powhatan,VA,51145,6
2884,Amelia,VA,51007,7
2885,Nottoway,VA,51135,7.9
2886,Brunswick,VA,51025,11.4
2887,Dinwiddie,VA,51053,8.3
2888,Emporia,VA,51595,11.8
2889,Greensville,VA,51081,9.1
2890,Poquoson,VA,51735,5
2891,Franklin,VA,51620,7.8
2892,Southampton,VA,51175,7.7
2893,Hampton,VA,51650,7.7
2894,Williamsburg,VA,51830,13.5
2895,Newport News,VA,51700,7.3
2896,Portsmouth,VA,51740,8.4
2897,York,VA,51199,5
2898,James City,VA,51095,4.6
2899,Surry,VA,51181,7.3
2900,Sussex,VA,51183,9.5
2901,Prince George,VA,51149,7.3
2902,Petersburg,VA,51730,13.8
2903,Henrico,VA,51087,7.2
2904,Chesterfield,VA,51041,6.8
2905,Charles City,VA,51036,8.7
2906,New Kent,VA,51127,6.9
2907,Richmond,VA,51760,7.2
2908,Fredericksburg,VA,51630,9.1
2909,Fairfax,VA,51600,4.7
2910,Manassas,VA,51683,6.8
2911,Loudoun,VA,51107,4.7
2912,Fauquier,VA,51061,5
2913,Culpeper,VA,51047,7.5
2914,Spotsylvania,VA,51177,5.1
2915,Hanover,VA,51085,6.6
2916,King William,VA,51101,6.4
2917,King and Queen,VA,51097,7.5
2918,Middlesex,VA,51119,6.4
2919,Gloucester,VA,51073,5.5
2920,Lancaster,VA,51103,7.3
2921,Richmond,VA,51159,7.2
2922,Essex,VA,51057,7.7
2923,Caroline,VA,51033,8.2
2924,Fairfax,VA,51059,4.7
2925,Prince William,VA,51153,5.3
2926,Stafford,VA,51179,5.1
2927,King George,VA,51099,7.5
2928,Westmoreland,VA,51193,7.1
2929,Northumberland,VA,51133,6.5
2930,Mathews,VA,51115,4.8
2931,Norfolk,VA,51710,8.4
2932,Isle of Wight,VA,51093,6.3
2933,Suffolk,VA,51800,6.6
2934,Chesapeake,VA,51550,6.4
2935,Virginia Beach,VA,51810,5.9
2936,Manassas Park,VA,51685,5.4
2937,Essex,VT,50009,7.8
2938,Orleans,VT,50019,8.3
2939,Bennington,VT,50003,6.8
2940,Grand Isle,VT,50013,7
2941,Washington,VT,50023,6.1
2942,Caledonia,VT,50005,7
2943,Lamoille,VT,50015,6.6
2944,Franklin,VT,50011,6.2
2945,Chittenden,VT,50007,5.7
2946,Addison,VT,50001,5.8
2947,Rutland,VT,50021,8.7
2948,Windham,VT,50025,6.3
2949,Windsor,VT,50027,5.8
2950,Orange,VT,50017,5.5
2951,Okanogan,WA,53047,7.4
2952,Whatcom,WA,53073,7.8
2953,Wahkiakum,WA,53069,11.4
2954,Asotin,WA,53003,8.1
2955,Garfield,WA,53023,5.3
2956,Columbia,WA,53013,8.4
2957,Walla Walla,WA,53071,5.5
2958,Franklin,WA,53021,6.2
2959,Whitman,WA,53075,4.7
2960,Spokane,WA,53063,8.3
2961,Pend Oreille,WA,53051,12.1
2962,Stevens,WA,53065,10.5
2963,Lincoln,WA,53043,7.4
2964,Adams,WA,53001,6.5
2965,Grant,WA,53025,7.3
2966,Benton,WA,53005,5.8
2967,Klickitat,WA,53039,8.1
2968,Clark,WA,53011,12.7
2969,Skamania,WA,53059,9.4
2970,Cowlitz,WA,53015,12.8
2971,Pacific,WA,53049,10.7
2972,Lewis,WA,53041,12
2973,Thurston,WA,53067,7.1
2974,Pierce,WA,53053,8.8
2975,Yakima,WA,53077,6.8
2976,Kittitas,WA,53037,7.3
2977,Douglas,WA,53017,6.6
2978,Ferry,WA,53019,11.3
2979,San Juan,WA,53055,4.7
2980,Island,WA,53029,8.1
2981,Snohomish,WA,53061,10.1
2982,King,WA,53033,8.8
2983,Kitsap,WA,53035,7.1
2984,Mason,WA,53045,9.4
2985,Grays Harbor,WA,53027,11.7
2986,Jefferson,WA,53031,7.4
2987,Clallam,WA,53009,8.5
2988,Skagit,WA,53057,9.1
2989,Chelan,WA,53007,6.5
2990,Door,WI,55029,6.6
2991,Kewaunee,WI,55061,7.3
2992,Pierce,WI,55093,6.1
2993,Pepin,WI,55091,5.4
2994,Buffalo,WI,55011,5.7
2995,Trempealeau,WI,55121,6.4
2996,Jackson,WI,55053,7.2
2997,Eau Claire,WI,55035,6
2998,Clark,WI,55019,7.6
2999,Chippewa,WI,55017,6.6
3000,Dunn,WI,55033,5.8
3001,St. Croix,WI,55109,6.8
3002,Polk,WI,55095,8.4
3003,Barron,WI,55005,7.1
3004,Rusk,WI,55107,10.1
3005,Taylor,WI,55119,9.6
3006,Price,WI,55099,9.4
3007,Sawyer,WI,55113,7.1
3008,Washburn,WI,55129,7.8
3009,Burnett,WI,55013,9.1
3010,Douglas,WI,55031,6.5
3011,Bayfield,WI,55007,6.2
3012,Ashland,WI,55003,8.3
3013,Iron,WI,55051,9.4
3014,Vilas,WI,55125,7.1
3015,Oneida,WI,55085,7.4
3016,Lincoln,WI,55069,9.6
3017,Langlade,WI,55067,8.5
3018,Marathon,WI,55073,7.7
3019,Wood,WI,55141,7.4
3020,Adams,WI,55001,8.3
3021,Juneau,WI,55057,8.5
3022,Monroe,WI,55081,6.4
3023,La Crosse,WI,55063,5.9
3024,Vernon,WI,55123,6.6
3025,Sauk,WI,55111,7
3026,Richland,WI,55103,7.5
3027,Crawford,WI,55023,8.1
3028,Iowa,WI,55049,6.2
3029,Grant,WI,55043,6.1
3030,Lafayette,WI,55065,6
3031,Green,WI,55045,7.8
3032,Marquette,WI,55077,8.3
3033,Portage,WI,55097,5.8
3034,Waupaca,WI,55135,8.2
3035,Waushara,WI,55137,8.2
3036,Green Lake,WI,55047,7.5
3037,Columbia,WI,55021,7.1
3038,Dane,WI,55025,5.4
3039,Rock,WI,55105,11.1
3040,Kenosha,WI,55059,9.8
3041,Racine,WI,55101,9.3
3042,Walworth,WI,55127,7.7
3043,Dodge,WI,55027,8.4
3044,Jefferson,WI,55055,8
3045,Waukesha,WI,55133,7.2
3046,Milwaukee,WI,55079,9.3
3047,Ozaukee,WI,55089,7.2
3048,Washington,WI,55131,8.1
3049,Winnebago,WI,55139,7
3050,Fond du Lac,WI,55039,7.8
3051,Sheboygan,WI,55117,8.3
3052,Calumet,WI,55015,6.7
3053,Manitowoc,WI,55071,8.5
3054,Brown,WI,55009,7.1
3055,Outagamie,WI,55087,7.5
3056,Shawano,WI,55115,8.2
3057,Menominee,WI,55078,12.7
3058,Oconto,WI,55083,9.1
3059,Forest,WI,55041,8.1
3060,Florence,WI,55037,8.1
3061,Marinette,WI,55075,10.2
3062,Berkeley,WV,54003,8.5
3063,Jefferson,WV,54037,6.6
3064,Cabell,WV,54011,6.6
3065,Wayne,WV,54099,7.7
3066,Mingo,WV,54059,10.7
3067,Logan,WV,54045,9.8
3068,Wyoming,WV,54109,11.5
3069,McDowell,WV,54047,12.7
3070,Mercer,WV,54055,6.9
3071,Monroe,WV,54063,6.5
3072,Summers,WV,54089,7.8
3073,Raleigh,WV,54081,8
3074,Boone,WV,54005,9.4
3075,Lincoln,WV,54043,10.6
3076,Putnam,WV,54079,6.3
3077,Mason,WV,54053,12.1
3078,Jackson,WV,54035,12.9
3079,Kanawha,WV,54039,7.1
3080,Fayette,WV,54019,8.6
3081,Clay,WV,54015,11.9
3082,Roane,WV,54087,13
3083,Calhoun,WV,54013,12.1
3084,Wirt,WV,54105,11.4
3085,Wood,WV,54107,8.8
3086,Pleasants,WV,54073,10.2
3087,Ritchie,WV,54085,8.8
3088,Gilmer,WV,54021,6.5
3089,Braxton,WV,54007,8
3090,Nicholas,WV,54067,9.1
3091,Greenbrier,WV,54025,8.3
3092,Webster,WV,54101,10.4
3093,Upshur,WV,54097,8.9
3094,Lewis,WV,54041,7.5
3095,Doddridge,WV,54017,7.4
3096,Tyler,WV,54095,10.8
3097,Harrison,WV,54033,7.1
3098,Hancock,WV,54029,11.8
3099,Brooke,WV,54009,11.1
3100,Ohio,WV,54069,7.8
3101,Marshall,WV,54051,8.7
3102,Wetzel,WV,54103,12.3
3103,Marion,WV,54049,6.5
3104,Barbour,WV,54001,9.2
3105,Taylor,WV,54091,7.9
3106,Monongalia,WV,54061,4.6
3107,Pocahontas,WV,54075,11.3
3108,Preston,WV,54077,7
3109,Randolph,WV,54083,8.5
3110,Pendleton,WV,54071,7.5
3111,Tucker,WV,54093,10.9
3112,Grant,WV,54023,11.2
3113,Hardy,WV,54031,9.7
3114,Mineral,WV,54057,7.9
3115,Hampshire,WV,54027,7.8
3116,Morgan,WV,54065,9.1
3117,Laramie,WY,56021,6.3
3118,Goshen,WY,56015,5.3
3119,Teton,WY,56039,5.2
3120,Lincoln,WY,56023,6.5
3121,Uinta,WY,56041,7.2
3122,Sublette,WY,56035,4.5
3123,Park,WY,56029,5.1
3124,Sweetwater,WY,56037,7.4
3125,Fremont,WY,56013,7.4
3126,Hot Springs,WY,56017,5.8
3127,Washakie,WY,56043,5.9
3128,Big Horn,WY,56003,8.2
3129,Sheridan,WY,56033,6.6
3130,Johnson,WY,56019,6.7
3131,Natrona,WY,56025,7.3
3132,Carbon,WY,56007,6.8
3133,Albany,WY,56001,3.6
3134,Weston,WY,56045,5.9
3135,Crook,WY,56011,4.9
3136,Campbell,WY,56005,5.7
3137,Converse,WY,56009,5.9
3138,Niobrara,WY,56027,4.5
3139,Platte,WY,56031,6.2
3140,Washington,DC,11001,0
